{
    "version": "0.4",
    "title": "About 1",
    "type": "section",
    "metadata": {
        "template_type": "section",
        "elementor_pro_required": false,
        "wp_page_template": "default"
    },
    "content": [
        {
            "id": "6addcefe",
            "settings": {
                "height": "min-height",
                "structure": "20",
                "background_background": "classic",
                "background_image": {
                    "id": 1060,
                    "url": "https:\/\/wp.envatoextensions.com\/kit-57\/wp-content\/uploads\/sites\/60\/2018\/08\/03-3.jpg"
                },
                "background_position": "center center",
                "background_overlay_background": "classic",
                "background_overlay_color_stop": {
                    "unit": "%",
                    "size": 53
                },
                "background_overlay_color_b": "rgba(0,0,0,0.4)",
                "background_overlay_color_b_stop": {
                    "unit": "%",
                    "size": 45
                },
                "background_overlay_gradient_angle": {
                    "unit": "deg",
                    "size": 60
                },
                "padding": {
                    "unit": "%",
                    "top": "4",
                    "right": "0",
                    "bottom": "4",
                    "left": "0",
                    "isLinked": false
                },
                "custom_height_tablet": {
                    "unit": "px",
                    "size": 0
                },
                "custom_height_mobile": {
                    "unit": "px",
                    "size": 0
                },
                "padding_tablet": {
                    "unit": "px",
                    "top": "100",
                    "right": "30",
                    "bottom": "100",
                    "left": "30",
                    "isLinked": false
                },
                "padding_mobile": {
                    "unit": "px",
                    "top": "80",
                    "right": "20",
                    "bottom": "80",
                    "left": "20",
                    "isLinked": false
                },
                "background_color": "#f6f7f8",
                "background_size": "cover",
                "custom_height": {
                    "unit": "vh",
                    "size": 30
                },
                "background_overlay_image": {
                    "url": "https:\/\/wp.envatoextensions.com\/kit-57\/wp-content\/uploads\/sites\/60\/2018\/08\/shape-overlay.png",
                    "id": 4258
                },
                "background_overlay_position": "center center",
                "background_overlay_repeat": "no-repeat",
                "background_overlay_size": "cover",
                "background_overlay_opacity": {
                    "unit": "px",
                    "size": 0.78000000000000003
                },
                "column_position": "stretch",
                "background_repeat": "no-repeat",
                "background_overlay_attachment": "fixed",
                "overlay_blend_mode": "screen"
            },
            "elements": [
                {
                    "id": "50fed7f9",
                    "settings": {
                        "_column_size": 50,
                        "_inline_size": 64.825000000000003,
                        "_inline_size_tablet": 70,
                        "_inline_size_mobile": 100,
                        "padding_tablet": {
                            "unit": "px",
                            "top": "0",
                            "right": "50",
                            "bottom": "0",
                            "left": "0",
                            "isLinked": false
                        },
                        "padding_mobile": {
                            "unit": "px",
                            "top": "0",
                            "right": "20",
                            "bottom": "0",
                            "left": "20",
                            "isLinked": false
                        },
                        "animation": "fadeInUp"
                    },
                    "elements": [
                        {
                            "id": "4e410136",
                            "settings": {
                                "title": "About Us",
                                "align": "left",
                                "title_color": "#0f1616",
                                "typography_typography": "custom",
                                "typography_font_size": {
                                    "unit": "em",
                                    "size": 3.5
                                },
                                "typography_font_family": "Muli",
                                "typography_font_size_tablet": {
                                    "unit": "em",
                                    "size": 2.5
                                },
                                "header_size": "h1",
                                "typography_font_size_mobile": {
                                    "unit": "em",
                                    "size": 1.8
                                },
                                "typography_font_weight": "900",
                                "typography_text_transform": "capitalize"
                            },
                            "elements": [],
                            "isInner": false,
                            "widgetType": "heading",
                            "elType": "widget"
                        },
                        {
                            "id": "50c82ad0",
                            "settings": {
                                "editor": "<p>Lorem ipsum dolor sit amet, consectetur adipiscing elit. Duis tortor neque, fermentum id libero et, blandit rutrum leo. Integer dictum elementum volutpat. Nullam at venenatis mi, ut mattis mi. Aenean posuere, odio consectetur elementum interdum.<\/p><p>\u00a0Donec faucibus odio sagittis magna porttitor malesuada. Vivamus sit amet lacus aliquam elit finibus faucibus ac ut risus.<\/p>",
                                "typography_typography": "custom",
                                "typography_font_family": "Muli",
                                "typography_line_height": {
                                    "unit": "em",
                                    "size": 1.5
                                },
                                "_padding": {
                                    "unit": "px",
                                    "top": "0",
                                    "right": "80",
                                    "bottom": "0",
                                    "left": "0",
                                    "isLinked": false
                                },
                                "align_mobile": "left",
                                "_padding_mobile": {
                                    "unit": "px",
                                    "top": "0",
                                    "right": "0",
                                    "bottom": "0",
                                    "left": "0",
                                    "isLinked": true
                                },
                                "typography_font_size": {
                                    "unit": "rem",
                                    "size": 1.2
                                },
                                "align": "left",
                                "text_color": "#0f1616"
                            },
                            "elements": [],
                            "isInner": false,
                            "widgetType": "text-editor",
                            "elType": "widget"
                        },
                        {
                            "id": "35d12419",
                            "settings": {
                                "text": "Shop Now",
                                "button_text_color": "#ffffff",
                                "background_color": "#f7c933",
                                "text_padding": {
                                    "unit": "px",
                                    "top": "15",
                                    "right": "40",
                                    "bottom": "15",
                                    "left": "40",
                                    "isLinked": false
                                },
                                "_margin": {
                                    "unit": "px",
                                    "top": "25",
                                    "right": "0",
                                    "bottom": "0",
                                    "left": "0",
                                    "isLinked": false
                                },
                                "hover_color": "#ffffff",
                                "button_background_hover_color": "#000000",
                                "hover_animation": "float",
                                "align": "left",
                                "icon_indent": {
                                    "unit": "px",
                                    "size": 15
                                },
                                "typography_typography": "custom",
                                "typography_font_family": "Muli",
                                "typography_font_weight": "bold",
                                "typography_text_transform": "uppercase",
                                "typography_letter_spacing": {
                                    "unit": "px",
                                    "size": 2
                                }
                            },
                            "elements": [],
                            "isInner": false,
                            "widgetType": "button",
                            "elType": "widget"
                        }
                    ],
                    "isInner": false,
                    "elType": "column"
                },
                {
                    "id": "438cc8c8",
                    "settings": {
                        "_column_size": 50,
                        "_inline_size": 35.174999999999997,
                        "_inline_size_tablet": 30,
                        "_inline_size_mobile": 100
                    },
                    "elements": [],
                    "isInner": false,
                    "elType": "column"
                }
            ],
            "isInner": false,
            "elType": "section"
        },
        {
            "id": "37481c41",
            "settings": {
                "padding": {
                    "unit": "em",
                    "top": "4",
                    "right": "0",
                    "bottom": "4",
                    "left": "0",
                    "isLinked": false
                },
                "padding_tablet": {
                    "unit": "px",
                    "top": "80",
                    "right": "30",
                    "bottom": "80",
                    "left": "30",
                    "isLinked": false
                },
                "padding_mobile": {
                    "unit": "px",
                    "top": "50",
                    "right": "15",
                    "bottom": "50",
                    "left": "15",
                    "isLinked": false
                },
                "content_width": {
                    "unit": "px",
                    "size": 1300
                }
            },
            "elements": [
                {
                    "id": "9fb256a",
                    "settings": {
                        "_column_size": 100,
                        "_inline_size_tablet": 100,
                        "_inline_size_mobile": 100
                    },
                    "elements": [
                        {
                            "id": "1f0001ed",
                            "settings": {
                                "content_width": {
                                    "unit": "px",
                                    "size": 500
                                }
                            },
                            "elements": [
                                {
                                    "id": "73d0c31d",
                                    "settings": {
                                        "_column_size": 100,
                                        "_inline_size": null,
                                        "_inline_size_tablet": 100,
                                        "_inline_size_mobile": 100,
                                        "animation": "fadeInRight"
                                    },
                                    "elements": [
                                        {
                                            "id": "21f6ce1c",
                                            "settings": {
                                                "title": "Designer Furniture",
                                                "align": "center",
                                                "title_color": "#54595f",
                                                "typography_typography": "custom",
                                                "typography_font_size": {
                                                    "unit": "em",
                                                    "size": 1
                                                },
                                                "typography_font_family": "Muli",
                                                "typography_font_size_tablet": {
                                                    "unit": "em",
                                                    "size": 1
                                                },
                                                "header_size": "h3",
                                                "typography_font_size_mobile": {
                                                    "unit": "em",
                                                    "size": 1
                                                },
                                                "typography_font_weight": "700",
                                                "_margin": {
                                                    "unit": "px",
                                                    "top": "0",
                                                    "right": "0",
                                                    "bottom": "-10",
                                                    "left": "0",
                                                    "isLinked": false
                                                }
                                            },
                                            "elements": [],
                                            "isInner": false,
                                            "widgetType": "heading",
                                            "elType": "widget"
                                        },
                                        {
                                            "id": "2b0c1795",
                                            "settings": {
                                                "title": "Our History",
                                                "align": "center",
                                                "title_color": "#000000",
                                                "typography_typography": "custom",
                                                "typography_font_size": {
                                                    "unit": "em",
                                                    "size": 2
                                                },
                                                "typography_font_family": "Muli",
                                                "typography_font_size_tablet": {
                                                    "unit": "em",
                                                    "size": 1.8
                                                },
                                                "typography_font_size_mobile": {
                                                    "unit": "em",
                                                    "size": 1.5
                                                },
                                                "typography_font_weight": "800",
                                                "typography_text_transform": "capitalize",
                                                "_padding": {
                                                    "unit": "em",
                                                    "top": "0",
                                                    "right": "0",
                                                    "bottom": "1",
                                                    "left": "0",
                                                    "isLinked": false
                                                }
                                            },
                                            "elements": [],
                                            "isInner": false,
                                            "widgetType": "heading",
                                            "elType": "widget"
                                        },
                                        {
                                            "id": "74639b7d",
                                            "settings": {
                                                "color": "#f7de00",
                                                "width": {
                                                    "unit": "%",
                                                    "size": 22
                                                },
                                                "align": "center",
                                                "gap": {
                                                    "unit": "px",
                                                    "size": 0
                                                },
                                                "_margin": {
                                                    "unit": "px",
                                                    "top": "-12",
                                                    "right": "0",
                                                    "bottom": "0",
                                                    "left": "0",
                                                    "isLinked": false
                                                }
                                            },
                                            "elements": [],
                                            "isInner": false,
                                            "widgetType": "divider",
                                            "elType": "widget"
                                        },
                                        {
                                            "id": "78867b97",
                                            "settings": {
                                                "color": "#f7de00",
                                                "width": {
                                                    "unit": "%",
                                                    "size": 12
                                                },
                                                "align": "center",
                                                "gap": {
                                                    "unit": "px",
                                                    "size": 0
                                                },
                                                "_margin": {
                                                    "unit": "px",
                                                    "top": "-12",
                                                    "right": "0",
                                                    "bottom": "0",
                                                    "left": "0",
                                                    "isLinked": false
                                                }
                                            },
                                            "elements": [],
                                            "isInner": false,
                                            "widgetType": "divider",
                                            "elType": "widget"
                                        }
                                    ],
                                    "isInner": true,
                                    "elType": "column"
                                }
                            ],
                            "isInner": true,
                            "elType": "section"
                        },
                        {
                            "id": "4de610fa",
                            "settings": {
                                "structure": "30",
                                "margin": {
                                    "unit": "px",
                                    "top": "40",
                                    "right": 0,
                                    "bottom": "0",
                                    "left": 0,
                                    "isLinked": false
                                },
                                "content_width": {
                                    "unit": "px",
                                    "size": 1300
                                },
                                "reverse_order_tablet": "reverse-tablet"
                            },
                            "elements": [
                                {
                                    "id": "7acc0526",
                                    "settings": {
                                        "_column_size": 33,
                                        "_inline_size": 50.042000000000002,
                                        "_inline_size_tablet": 90,
                                        "_inline_size_mobile": 90,
                                        "padding_mobile": {
                                            "unit": "em",
                                            "top": "1",
                                            "right": "1",
                                            "bottom": "1",
                                            "left": "1",
                                            "isLinked": true
                                        },
                                        "padding": {
                                            "unit": "px",
                                            "top": "0",
                                            "right": "0",
                                            "bottom": "0",
                                            "left": "0",
                                            "isLinked": false
                                        },
                                        "animation": "fadeInLeft",
                                        "margin_mobile": {
                                            "unit": "px",
                                            "top": "0",
                                            "right": "0",
                                            "bottom": "0",
                                            "left": "0",
                                            "isLinked": true
                                        }
                                    },
                                    "elements": [
                                        {
                                            "id": "5ad73efd",
                                            "settings": {
                                                "image": {
                                                    "url": "https:\/\/wp.envatoextensions.com\/kit-57\/wp-content\/uploads\/sites\/60\/2018\/08\/history2-1.jpg",
                                                    "id": 4140
                                                },
                                                "css_filters_hover_brightness": {
                                                    "unit": "px",
                                                    "size": 90
                                                },
                                                "css_filters_hover_contrast": {
                                                    "unit": "px",
                                                    "size": 150
                                                },
                                                "background_hover_transition": {
                                                    "unit": "px",
                                                    "size": 0.5
                                                },
                                                "css_filters_hover_css_filter": "custom",
                                                "css_filters_hover_saturate": {
                                                    "unit": "px",
                                                    "size": 50
                                                },
                                                "image_border_width": {
                                                    "unit": "px",
                                                    "top": "10",
                                                    "right": "10",
                                                    "bottom": "10",
                                                    "left": "10",
                                                    "isLinked": true
                                                },
                                                "image_border_color": "#ffffff",
                                                "image_border_radius": {
                                                    "unit": "px",
                                                    "top": "3",
                                                    "right": "3",
                                                    "bottom": "3",
                                                    "left": "3",
                                                    "isLinked": true
                                                },
                                                "image_box_shadow_box_shadow_type": "yes",
                                                "image_box_shadow_box_shadow": {
                                                    "horizontal": 0,
                                                    "vertical": 5,
                                                    "blur": 15,
                                                    "spread": 0,
                                                    "color": "rgba(0,0,0,0.05)"
                                                },
                                                "_margin_mobile": {
                                                    "unit": "px",
                                                    "top": "0",
                                                    "right": "0",
                                                    "bottom": "0",
                                                    "left": "0",
                                                    "isLinked": true
                                                },
                                                "_padding_mobile": {
                                                    "unit": "px",
                                                    "top": "0",
                                                    "right": "0",
                                                    "bottom": "0",
                                                    "left": "0",
                                                    "isLinked": true
                                                }
                                            },
                                            "elements": [],
                                            "isInner": false,
                                            "widgetType": "image",
                                            "elType": "widget"
                                        }
                                    ],
                                    "isInner": true,
                                    "elType": "column"
                                },
                                {
                                    "id": "6ca36337",
                                    "settings": {
                                        "_column_size": 33,
                                        "_inline_size": 9.9830000000000005,
                                        "_inline_size_tablet": 10,
                                        "_inline_size_mobile": 10,
                                        "content_position": "center",
                                        "animation": "fadeInRight"
                                    },
                                    "elements": [
                                        {
                                            "id": "479e1a0e",
                                            "settings": {
                                                "title": "06, June 2018",
                                                "align": "center",
                                                "title_color": "#ffffff",
                                                "typography_typography": "custom",
                                                "typography_font_size": {
                                                    "unit": "em",
                                                    "size": 1
                                                },
                                                "typography_font_family": "Archivo",
                                                "typography_font_size_tablet": {
                                                    "unit": "em",
                                                    "size": 0.80000000000000004
                                                },
                                                "typography_font_size_mobile": {
                                                    "unit": "em",
                                                    "size": 0.80000000000000004
                                                },
                                                "typography_font_weight": "700",
                                                "_margin": {
                                                    "unit": "px",
                                                    "top": "0",
                                                    "right": "0",
                                                    "bottom": "0",
                                                    "left": "-120",
                                                    "isLinked": false
                                                },
                                                "_margin_tablet": {
                                                    "unit": "px",
                                                    "top": "0",
                                                    "right": "-80",
                                                    "bottom": "0",
                                                    "left": "0",
                                                    "isLinked": false
                                                },
                                                "_margin_mobile": {
                                                    "unit": "px",
                                                    "top": "0",
                                                    "right": "0",
                                                    "bottom": "0",
                                                    "left": "-85",
                                                    "isLinked": false
                                                },
                                                "_padding": {
                                                    "unit": "px",
                                                    "top": "27",
                                                    "right": "27",
                                                    "bottom": "27",
                                                    "left": "27",
                                                    "isLinked": true
                                                },
                                                "_padding_tablet": {
                                                    "unit": "px",
                                                    "top": "16",
                                                    "right": "16",
                                                    "bottom": "16",
                                                    "left": "16",
                                                    "isLinked": true
                                                },
                                                "_background_background": "classic",
                                                "_background_color": "#0f1616",
                                                "_border_radius": {
                                                    "unit": "px",
                                                    "top": "3",
                                                    "right": "3",
                                                    "bottom": "3",
                                                    "left": "3",
                                                    "isLinked": true
                                                }
                                            },
                                            "elements": [],
                                            "isInner": false,
                                            "widgetType": "heading",
                                            "elType": "widget"
                                        }
                                    ],
                                    "isInner": true,
                                    "elType": "column"
                                },
                                {
                                    "id": "7290e669",
                                    "settings": {
                                        "_column_size": 33,
                                        "_inline_size": 39.987000000000002,
                                        "_inline_size_tablet": 100,
                                        "_inline_size_mobile": 100,
                                        "content_position": "center",
                                        "padding": {
                                            "unit": "px",
                                            "top": "0",
                                            "right": "20",
                                            "bottom": "0",
                                            "left": "30",
                                            "isLinked": false
                                        },
                                        "padding_mobile": {
                                            "unit": "px",
                                            "top": "20",
                                            "right": "0",
                                            "bottom": "30",
                                            "left": "0",
                                            "isLinked": false
                                        },
                                        "padding_tablet": {
                                            "unit": "px",
                                            "top": "30",
                                            "right": "0",
                                            "bottom": "0",
                                            "left": "0",
                                            "isLinked": false
                                        },
                                        "animation": "fadeInRight"
                                    },
                                    "elements": [
                                        {
                                            "id": "60a8bb3d",
                                            "settings": {
                                                "title": "Lorem Ipsum Dolor Consectetuer",
                                                "align": "left",
                                                "title_color": "#202020",
                                                "typography_typography": "custom",
                                                "typography_font_size": {
                                                    "unit": "em",
                                                    "size": 1.3999999999999999
                                                },
                                                "typography_font_family": "Muli",
                                                "typography_font_size_mobile": {
                                                    "unit": "em",
                                                    "size": 1.3
                                                },
                                                "typography_font_weight": "800"
                                            },
                                            "elements": [],
                                            "isInner": false,
                                            "widgetType": "heading",
                                            "elType": "widget"
                                        },
                                        {
                                            "id": "668a7886",
                                            "settings": {
                                                "editor": "<p>Lorem ipsum dolor sit amet, consectetuer adipiscing elit. Aenean commodo ligula eget dolor. Aenean massa. Cum sociis natoque penatibus et magnis <br \/><br \/>Dis parturient montes, nascetur ridiculus mus. Donec quam felis, ultricies nec, pellentesque eu, pretium quis, sem. Nulla consequat massa quis enim.<\/p>",
                                                "typography_typography": "custom",
                                                "typography_font_family": "Muli",
                                                "typography_line_height": {
                                                    "unit": "em",
                                                    "size": 1.5
                                                },
                                                "align": "left",
                                                "text_color": "#0f1616",
                                                "_margin": {
                                                    "unit": "px",
                                                    "top": "0",
                                                    "right": "0",
                                                    "bottom": "0",
                                                    "left": "0",
                                                    "isLinked": false
                                                }
                                            },
                                            "elements": [],
                                            "isInner": false,
                                            "widgetType": "text-editor",
                                            "elType": "widget"
                                        }
                                    ],
                                    "isInner": true,
                                    "elType": "column"
                                }
                            ],
                            "isInner": true,
                            "elType": "section"
                        },
                        {
                            "id": "42e9bb92",
                            "settings": {
                                "structure": "30",
                                "margin": {
                                    "unit": "px",
                                    "top": "60",
                                    "right": 0,
                                    "bottom": "0",
                                    "left": 0,
                                    "isLinked": false
                                },
                                "content_width": {
                                    "unit": "px",
                                    "size": 1300
                                },
                                "margin_mobile": {
                                    "unit": "px",
                                    "top": "0",
                                    "right": 0,
                                    "bottom": "0",
                                    "left": 0,
                                    "isLinked": false
                                },
                                "reverse_order_mobile": "reverse-mobile"
                            },
                            "elements": [
                                {
                                    "id": "3a2ad771",
                                    "settings": {
                                        "_column_size": 33,
                                        "_inline_size": 39.987000000000002,
                                        "_inline_size_tablet": 100,
                                        "_inline_size_mobile": 100,
                                        "content_position": "center",
                                        "padding": {
                                            "unit": "px",
                                            "top": "0",
                                            "right": "20",
                                            "bottom": "0",
                                            "left": "0",
                                            "isLinked": false
                                        },
                                        "padding_mobile": {
                                            "unit": "px",
                                            "top": "20",
                                            "right": "0",
                                            "bottom": "30",
                                            "left": "0",
                                            "isLinked": false
                                        },
                                        "padding_tablet": {
                                            "unit": "px",
                                            "top": "0",
                                            "right": "0",
                                            "bottom": "0",
                                            "left": "0",
                                            "isLinked": false
                                        },
                                        "animation": "fadeInLeft"
                                    },
                                    "elements": [
                                        {
                                            "id": "43cb3fcf",
                                            "settings": {
                                                "title": "Lorem Ipsum Dolor Consectetuer",
                                                "align": "left",
                                                "title_color": "#202020",
                                                "typography_typography": "custom",
                                                "typography_font_size": {
                                                    "unit": "em",
                                                    "size": 1.3999999999999999
                                                },
                                                "typography_font_family": "Muli",
                                                "typography_font_size_mobile": {
                                                    "unit": "em",
                                                    "size": 1.3
                                                },
                                                "typography_font_weight": "800"
                                            },
                                            "elements": [],
                                            "isInner": false,
                                            "widgetType": "heading",
                                            "elType": "widget"
                                        },
                                        {
                                            "id": "f609564",
                                            "settings": {
                                                "editor": "<p>Lorem ipsum dolor sit amet, consectetuer adipiscing elit. Aenean commodo ligula eget dolor. Aenean massa. Cum sociis natoque penatibus et magnis <br \/><br \/>Dis parturient montes, nascetur ridiculus mus. Donec quam felis, ultricies nec, pellentesque eu, pretium quis, sem. Nulla consequat massa quis enim.<\/p>",
                                                "typography_typography": "custom",
                                                "typography_font_family": "Muli",
                                                "typography_line_height": {
                                                    "unit": "em",
                                                    "size": 1.5
                                                },
                                                "align": "left",
                                                "text_color": "#0f1616",
                                                "_margin": {
                                                    "unit": "px",
                                                    "top": "0",
                                                    "right": "0",
                                                    "bottom": "0",
                                                    "left": "0",
                                                    "isLinked": false
                                                }
                                            },
                                            "elements": [],
                                            "isInner": false,
                                            "widgetType": "text-editor",
                                            "elType": "widget"
                                        }
                                    ],
                                    "isInner": true,
                                    "elType": "column"
                                },
                                {
                                    "id": "5ca6a171",
                                    "settings": {
                                        "_column_size": 33,
                                        "_inline_size": 9.9830000000000005,
                                        "_inline_size_tablet": 100,
                                        "_inline_size_mobile": 10,
                                        "content_position": "center",
                                        "padding_tablet": {
                                            "unit": "px",
                                            "top": "0",
                                            "right": "0",
                                            "bottom": "0",
                                            "left": "0",
                                            "isLinked": false
                                        },
                                        "z_index": 11,
                                        "animation": "fadeInRight",
                                        "margin_tablet": {
                                            "unit": "px",
                                            "top": "0",
                                            "right": "0",
                                            "bottom": "0",
                                            "left": "0",
                                            "isLinked": true
                                        }
                                    },
                                    "elements": [
                                        {
                                            "id": "69e1b2b4",
                                            "settings": {
                                                "title": "05, July 2018",
                                                "align": "center",
                                                "title_color": "#ffffff",
                                                "typography_typography": "custom",
                                                "typography_font_size": {
                                                    "unit": "em",
                                                    "size": 1
                                                },
                                                "typography_font_family": "Archivo",
                                                "typography_font_size_tablet": {
                                                    "unit": "em",
                                                    "size": 0.80000000000000004
                                                },
                                                "typography_font_size_mobile": {
                                                    "unit": "em",
                                                    "size": 0.80000000000000004
                                                },
                                                "typography_font_weight": "700",
                                                "_margin": {
                                                    "unit": "px",
                                                    "top": "0",
                                                    "right": "-120",
                                                    "bottom": "0",
                                                    "left": "0",
                                                    "isLinked": false
                                                },
                                                "_margin_tablet": {
                                                    "unit": "px",
                                                    "top": "200",
                                                    "right": "0",
                                                    "bottom": "0",
                                                    "left": "550",
                                                    "isLinked": false
                                                },
                                                "_margin_mobile": {
                                                    "unit": "%",
                                                    "top": "-5",
                                                    "right": "0",
                                                    "bottom": "0",
                                                    "left": "-239",
                                                    "isLinked": false
                                                },
                                                "_padding": {
                                                    "unit": "px",
                                                    "top": "27",
                                                    "right": "27",
                                                    "bottom": "27",
                                                    "left": "27",
                                                    "isLinked": true
                                                },
                                                "_padding_tablet": {
                                                    "unit": "px",
                                                    "top": "16",
                                                    "right": "16",
                                                    "bottom": "16",
                                                    "left": "16",
                                                    "isLinked": true
                                                },
                                                "_z_index": 10,
                                                "_background_background": "classic",
                                                "_background_color": "#0f1616",
                                                "_border_radius": {
                                                    "unit": "px",
                                                    "top": "3",
                                                    "right": "3",
                                                    "bottom": "3",
                                                    "left": "3",
                                                    "isLinked": true
                                                }
                                            },
                                            "elements": [],
                                            "isInner": false,
                                            "widgetType": "heading",
                                            "elType": "widget"
                                        }
                                    ],
                                    "isInner": true,
                                    "elType": "column"
                                },
                                {
                                    "id": "799d730c",
                                    "settings": {
                                        "_column_size": 33,
                                        "_inline_size": 50.042000000000002,
                                        "_inline_size_tablet": 90,
                                        "_inline_size_mobile": 90,
                                        "padding_mobile": {
                                            "unit": "em",
                                            "top": "1",
                                            "right": "1",
                                            "bottom": "1",
                                            "left": "1",
                                            "isLinked": true
                                        },
                                        "padding": {
                                            "unit": "px",
                                            "top": "0",
                                            "right": "0",
                                            "bottom": "0",
                                            "left": "0",
                                            "isLinked": false
                                        },
                                        "animation": "fadeInRight",
                                        "margin_tablet": {
                                            "unit": "%",
                                            "top": "-39",
                                            "right": "0",
                                            "bottom": "0",
                                            "left": "0",
                                            "isLinked": false
                                        },
                                        "margin_mobile": {
                                            "unit": "px",
                                            "top": "0",
                                            "right": "0",
                                            "bottom": "0",
                                            "left": "0",
                                            "isLinked": true
                                        }
                                    },
                                    "elements": [
                                        {
                                            "id": "1256cffe",
                                            "settings": {
                                                "image": {
                                                    "url": "https:\/\/wp.envatoextensions.com\/kit-57\/wp-content\/uploads\/sites\/60\/2018\/08\/history1.jpg",
                                                    "id": 4139
                                                },
                                                "css_filters_hover_brightness": {
                                                    "unit": "px",
                                                    "size": 90
                                                },
                                                "css_filters_hover_contrast": {
                                                    "unit": "px",
                                                    "size": 150
                                                },
                                                "background_hover_transition": {
                                                    "unit": "px",
                                                    "size": 0.5
                                                },
                                                "css_filters_hover_css_filter": "custom",
                                                "css_filters_hover_saturate": {
                                                    "unit": "px",
                                                    "size": 50
                                                },
                                                "image_border_width": {
                                                    "unit": "px",
                                                    "top": "10",
                                                    "right": "10",
                                                    "bottom": "10",
                                                    "left": "10",
                                                    "isLinked": true
                                                },
                                                "image_border_color": "#ffffff",
                                                "image_border_radius": {
                                                    "unit": "px",
                                                    "top": "3",
                                                    "right": "3",
                                                    "bottom": "3",
                                                    "left": "3",
                                                    "isLinked": true
                                                },
                                                "image_box_shadow_box_shadow_type": "yes",
                                                "image_box_shadow_box_shadow": {
                                                    "horizontal": 0,
                                                    "vertical": 5,
                                                    "blur": 15,
                                                    "spread": 0,
                                                    "color": "rgba(0,0,0,0.05)"
                                                },
                                                "_margin_mobile": {
                                                    "unit": "px",
                                                    "top": "0",
                                                    "right": "0",
                                                    "bottom": "0",
                                                    "left": "0",
                                                    "isLinked": true
                                                },
                                                "_padding_mobile": {
                                                    "unit": "px",
                                                    "top": "0",
                                                    "right": "0",
                                                    "bottom": "0",
                                                    "left": "0",
                                                    "isLinked": true
                                                }
                                            },
                                            "elements": [],
                                            "isInner": false,
                                            "widgetType": "image",
                                            "elType": "widget"
                                        }
                                    ],
                                    "isInner": true,
                                    "elType": "column"
                                }
                            ],
                            "isInner": true,
                            "elType": "section"
                        }
                    ],
                    "isInner": false,
                    "elType": "column"
                }
            ],
            "isInner": false,
            "elType": "section"
        },
        {
            "id": "1aaa4b85",
            "settings": {
                "padding": {
                    "unit": "em",
                    "top": "4",
                    "right": "0",
                    "bottom": "4",
                    "left": "0",
                    "isLinked": false
                },
                "structure": "20",
                "background_background": "classic",
                "background_color": "#f6f7f8",
                "padding_mobile": {
                    "unit": "em",
                    "top": "0",
                    "right": "0",
                    "bottom": "0",
                    "left": "0",
                    "isLinked": true
                }
            },
            "elements": [
                {
                    "id": "7069db60",
                    "settings": {
                        "_column_size": 50,
                        "_inline_size": 50,
                        "padding": {
                            "unit": "px",
                            "top": "0",
                            "right": "0",
                            "bottom": "0",
                            "left": "0",
                            "isLinked": false
                        },
                        "_inline_size_tablet": 100,
                        "_inline_size_mobile": 100,
                        "animation": "fadeInLeft",
                        "animation_delay": 100,
                        "padding_tablet": {
                            "unit": "em",
                            "top": "2",
                            "right": "2",
                            "bottom": "2",
                            "left": "2",
                            "isLinked": true
                        }
                    },
                    "elements": [
                        {
                            "id": "16e40ee1",
                            "settings": {
                                "image": {
                                    "url": "https:\/\/wp.envatoextensions.com\/kit-57\/wp-content\/uploads\/sites\/60\/2018\/08\/02-3.jpg",
                                    "id": 1508
                                },
                                "image_border_width": {
                                    "unit": "px",
                                    "top": "10",
                                    "right": "10",
                                    "bottom": "10",
                                    "left": "10",
                                    "isLinked": true
                                },
                                "image_border_color": "#ffffff",
                                "image_box_shadow_box_shadow": {
                                    "horizontal": 0,
                                    "vertical": 5,
                                    "blur": 15,
                                    "spread": 0,
                                    "color": "rgba(0,0,0,0.05)"
                                },
                                "width": {
                                    "unit": "%",
                                    "size": 90
                                },
                                "align": "left",
                                "css_filters_hover_css_filter": "custom",
                                "css_filters_hover_brightness": {
                                    "unit": "px",
                                    "size": 90
                                },
                                "css_filters_hover_contrast": {
                                    "unit": "px",
                                    "size": 150
                                },
                                "css_filters_hover_saturate": {
                                    "unit": "px",
                                    "size": 50
                                },
                                "background_hover_transition": {
                                    "unit": "px",
                                    "size": 0.5
                                },
                                "image_border_radius": {
                                    "unit": "px",
                                    "top": "3",
                                    "right": "3",
                                    "bottom": "3",
                                    "left": "3",
                                    "isLinked": true
                                },
                                "image_box_shadow_box_shadow_type": "yes",
                                "width_tablet": {
                                    "unit": "%",
                                    "size": 100
                                }
                            },
                            "elements": [],
                            "isInner": false,
                            "widgetType": "image",
                            "elType": "widget"
                        },
                        {
                            "id": "653c9d88",
                            "settings": {
                                "title": "Victor Nguyen",
                                "link": {
                                    "url": "#",
                                    "is_external": "",
                                    "nofollow": ""
                                },
                                "title_color": "#000000",
                                "typography_typography": "custom",
                                "typography_font_family": "Ubuntu",
                                "typography_font_size": {
                                    "unit": "em",
                                    "size": 1.2
                                },
                                "typography_font_weight": "bold",
                                "header_size": "h3",
                                "_padding": {
                                    "unit": "em",
                                    "top": "0",
                                    "right": "0",
                                    "bottom": "0",
                                    "left": "1",
                                    "isLinked": false
                                }
                            },
                            "elements": [],
                            "isInner": false,
                            "widgetType": "heading",
                            "elType": "widget"
                        },
                        {
                            "id": "77d1520",
                            "settings": {
                                "title": "Founder & CEO",
                                "link": {
                                    "url": "#",
                                    "is_external": "",
                                    "nofollow": ""
                                },
                                "title_color": "#0f1616",
                                "typography_typography": "custom",
                                "typography_font_family": "Muli",
                                "typography_font_size": {
                                    "unit": "em",
                                    "size": 0.69999999999999996
                                },
                                "typography_font_weight": "bold",
                                "header_size": "h4",
                                "typography_text_transform": "uppercase",
                                "typography_font_style": "oblique",
                                "_margin": {
                                    "unit": "px",
                                    "top": "-12",
                                    "right": "0",
                                    "bottom": "0",
                                    "left": "0",
                                    "isLinked": false
                                },
                                "_padding": {
                                    "unit": "em",
                                    "top": "0",
                                    "right": "0",
                                    "bottom": "0",
                                    "left": "1",
                                    "isLinked": false
                                },
                                "_border_width": {
                                    "unit": "px",
                                    "top": "1",
                                    "right": "1",
                                    "bottom": "1",
                                    "left": "1",
                                    "isLinked": true
                                },
                                "_border_color": "rgba(255,255,255,0.53)",
                                "_border_radius": {
                                    "unit": "px",
                                    "top": "3",
                                    "right": "3",
                                    "bottom": "3",
                                    "left": "3",
                                    "isLinked": true
                                },
                                "_border_hover_width": {
                                    "unit": "px",
                                    "top": "1",
                                    "right": "1",
                                    "bottom": "1",
                                    "left": "1",
                                    "isLinked": true
                                },
                                "_border_hover_color": "rgba(255,255,255,0.78)",
                                "_border_radius_hover": {
                                    "unit": "px",
                                    "top": "3",
                                    "right": "3",
                                    "bottom": "3",
                                    "left": "3",
                                    "isLinked": true
                                },
                                "align": "left"
                            },
                            "elements": [],
                            "isInner": false,
                            "widgetType": "heading",
                            "elType": "widget"
                        }
                    ],
                    "isInner": false,
                    "elType": "column"
                },
                {
                    "id": "233f30c7",
                    "settings": {
                        "_column_size": 50,
                        "_inline_size": 50,
                        "padding": {
                            "unit": "px",
                            "top": "0",
                            "right": "50",
                            "bottom": "0",
                            "left": "0",
                            "isLinked": false
                        },
                        "_inline_size_tablet": 100,
                        "_inline_size_mobile": 100,
                        "content_position": "center",
                        "animation": "fadeInRight",
                        "animation_delay": 200,
                        "padding_mobile": {
                            "unit": "em",
                            "top": "",
                            "right": "",
                            "bottom": "",
                            "left": "",
                            "isLinked": false
                        },
                        "padding_tablet": {
                            "unit": "em",
                            "top": "2",
                            "right": "2",
                            "bottom": "2",
                            "left": "2",
                            "isLinked": true
                        }
                    },
                    "elements": [
                        {
                            "id": "3e4cba30",
                            "settings": {
                                "title": "Professional, Friendly Experts",
                                "header_size": "h3",
                                "align": "left",
                                "title_color": "#202020",
                                "typography_typography": "custom",
                                "typography_font_family": "Muli",
                                "typography_font_size": {
                                    "unit": "em",
                                    "size": 1.8
                                },
                                "typography_font_size_mobile": {
                                    "unit": "em",
                                    "size": 1.3
                                },
                                "typography_font_weight": "800",
                                "_padding": {
                                    "unit": "em",
                                    "top": "0",
                                    "right": "1",
                                    "bottom": "1",
                                    "left": "0",
                                    "isLinked": false
                                }
                            },
                            "elements": [],
                            "isInner": false,
                            "widgetType": "heading",
                            "elType": "widget"
                        },
                        {
                            "id": "1ebdf286",
                            "settings": {
                                "color": "#f4db33",
                                "width": {
                                    "unit": "%",
                                    "size": 21
                                },
                                "align": "left",
                                "gap": {
                                    "unit": "px",
                                    "size": 0
                                },
                                "align_mobile": "center",
                                "_margin": {
                                    "unit": "px",
                                    "top": "-12",
                                    "right": "0",
                                    "bottom": "0",
                                    "left": "0",
                                    "isLinked": false
                                }
                            },
                            "elements": [],
                            "isInner": false,
                            "widgetType": "divider",
                            "elType": "widget"
                        },
                        {
                            "id": "1b8335b7",
                            "settings": {
                                "color": "#f4db33",
                                "width": {
                                    "unit": "%",
                                    "size": 8
                                },
                                "align": "left",
                                "gap": {
                                    "unit": "px",
                                    "size": 0
                                },
                                "_margin": {
                                    "unit": "px",
                                    "top": "-12",
                                    "right": "0",
                                    "bottom": "0",
                                    "left": "0",
                                    "isLinked": false
                                },
                                "align_mobile": "center"
                            },
                            "elements": [],
                            "isInner": false,
                            "widgetType": "divider",
                            "elType": "widget"
                        },
                        {
                            "id": "48f4c6cd",
                            "settings": {
                                "editor": "<p>Nam quam nunc, blandit vel, luctus pulvinar, hendrerit id, lorem. Maecenas nec odio et ante tincidunt tempus. Donec vitae sapien ut libero venenatis faucibus.<\/p>",
                                "align": "left",
                                "typography_typography": "custom",
                                "typography_font_family": "Muli",
                                "typography_line_height": {
                                    "unit": "em",
                                    "size": 1.5
                                },
                                "_margin": {
                                    "unit": "px",
                                    "top": "0",
                                    "right": "0",
                                    "bottom": "0",
                                    "left": "0",
                                    "isLinked": false
                                },
                                "text_color": "#0f1616"
                            },
                            "elements": [],
                            "isInner": false,
                            "widgetType": "text-editor",
                            "elType": "widget"
                        },
                        {
                            "id": "fd22527",
                            "settings": {
                                "space": {
                                    "unit": "px",
                                    "size": 20
                                }
                            },
                            "elements": [],
                            "isInner": false,
                            "widgetType": "spacer",
                            "elType": "widget"
                        },
                        {
                            "id": "3b5c29c7",
                            "settings": {
                                "icon_list": [
                                    {
                                        "text": "Lorem ipsum dolor sit amet, consectetuer adipiscing elit.",
                                        "icon": "fa fa-clone",
                                        "_id": "cfc01b7",
                                        "link": {
                                            "url": "",
                                            "is_external": "",
                                            "nofollow": ""
                                        }
                                    },
                                    {
                                        "text": "Cum sociis natoque penatibus et magnis dis parturient montes. ",
                                        "icon": "fa fa-clone",
                                        "_id": "2f7e798",
                                        "link": {
                                            "url": "",
                                            "is_external": "",
                                            "nofollow": ""
                                        }
                                    },
                                    {
                                        "text": "Donec quam felis, ultricies nec, pellentesque eu, pretium quis. ",
                                        "icon": "fa fa-clone",
                                        "_id": "2ff8e51",
                                        "link": {
                                            "url": "",
                                            "is_external": "",
                                            "nofollow": ""
                                        }
                                    }
                                ],
                                "space_between": {
                                    "unit": "px",
                                    "size": 20
                                },
                                "text_indent": {
                                    "unit": "px",
                                    "size": 18
                                },
                                "icon_color": "#fed45c",
                                "icon_typography_typography": "custom",
                                "icon_typography_font_family": "Muli",
                                "icon_typography_font_weight": "300",
                                "_margin": {
                                    "unit": "%",
                                    "top": "",
                                    "right": "",
                                    "bottom": "",
                                    "left": "",
                                    "isLinked": false
                                },
                                "text_color": "#0f1616"
                            },
                            "elements": [],
                            "isInner": false,
                            "widgetType": "icon-list",
                            "elType": "widget"
                        }
                    ],
                    "isInner": false,
                    "elType": "column"
                }
            ],
            "isInner": false,
            "elType": "section"
        },
        {
            "id": "6ab2a7d1",
            "settings": {
                "padding": {
                    "unit": "px",
                    "top": "80",
                    "right": "0",
                    "bottom": "80",
                    "left": "0",
                    "isLinked": false
                },
                "background_background": "classic",
                "background_color": "#f6f7f8",
                "animation": "fadeIn"
            },
            "elements": [
                {
                    "id": "dd11788",
                    "settings": {
                        "_column_size": 100,
                        "_inline_size": null,
                        "content_position": "center",
                        "_inline_size_tablet": 100,
                        "_inline_size_mobile": 100
                    },
                    "elements": [
                        {
                            "id": "63d18afa",
                            "settings": {
                                "carousel": [
                                    {
                                        "id": 3956,
                                        "url": "https:\/\/wp.envatoextensions.com\/kit-57\/wp-content\/uploads\/sites\/60\/2018\/08\/16.png"
                                    },
                                    {
                                        "id": 3955,
                                        "url": "https:\/\/wp.envatoextensions.com\/kit-57\/wp-content\/uploads\/sites\/60\/2018\/08\/15.png"
                                    },
                                    {
                                        "id": 3954,
                                        "url": "https:\/\/wp.envatoextensions.com\/kit-57\/wp-content\/uploads\/sites\/60\/2018\/08\/14-1.png"
                                    },
                                    {
                                        "id": 3953,
                                        "url": "https:\/\/wp.envatoextensions.com\/kit-57\/wp-content\/uploads\/sites\/60\/2018\/08\/13-1.png"
                                    },
                                    {
                                        "id": 3952,
                                        "url": "https:\/\/wp.envatoextensions.com\/kit-57\/wp-content\/uploads\/sites\/60\/2018\/08\/12-1.png"
                                    },
                                    {
                                        "id": 3951,
                                        "url": "https:\/\/wp.envatoextensions.com\/kit-57\/wp-content\/uploads\/sites\/60\/2018\/08\/11-1.png"
                                    },
                                    {
                                        "id": 3950,
                                        "url": "https:\/\/wp.envatoextensions.com\/kit-57\/wp-content\/uploads\/sites\/60\/2018\/08\/10.png"
                                    },
                                    {
                                        "id": 3949,
                                        "url": "https:\/\/wp.envatoextensions.com\/kit-57\/wp-content\/uploads\/sites\/60\/2018\/08\/09-1.png"
                                    }
                                ],
                                "slides_to_show": "4",
                                "navigation": "arrows",
                                "dots_size": {
                                    "unit": "px",
                                    "size": 10
                                },
                                "dots_color": "#ededed",
                                "link_to": "custom",
                                "link": {
                                    "url": "#",
                                    "is_external": "",
                                    "nofollow": ""
                                },
                                "_animation": "fadeInUp"
                            },
                            "elements": [],
                            "isInner": false,
                            "widgetType": "image-carousel",
                            "elType": "widget"
                        }
                    ],
                    "isInner": false,
                    "elType": "column"
                }
            ],
            "isInner": false,
            "elType": "section"
        },
        {
            "id": "7f3fc480",
            "settings": {
                "content_position": "middle",
                "structure": "20",
                "background_background": "classic",
                "background_image": {
                    "url": "https:\/\/wp.envatoextensions.com\/kit-57\/wp-content\/uploads\/sites\/60\/2018\/08\/call-to-action2.jpg",
                    "id": 4125
                },
                "background_overlay_background": "classic",
                "background_overlay_color": "#0f1616",
                "padding": {
                    "unit": "px",
                    "top": "80",
                    "right": "0",
                    "bottom": "80",
                    "left": "0",
                    "isLinked": false
                },
                "padding_mobile": {
                    "unit": "px",
                    "top": "50",
                    "right": "20",
                    "bottom": "50",
                    "left": "0",
                    "isLinked": false
                },
                "background_overlay_opacity": {
                    "unit": "px",
                    "size": 0.31
                }
            },
            "elements": [
                {
                    "id": "2b207b44",
                    "settings": {
                        "_column_size": 50,
                        "_inline_size": null
                    },
                    "elements": [
                        {
                            "id": "5696733f",
                            "settings": {
                                "title": "Visit Our Showroom",
                                "align": "right",
                                "title_color": "#ffffff",
                                "typography_typography": "custom",
                                "typography_font_size": {
                                    "unit": "em",
                                    "size": 2.6000000000000001
                                },
                                "typography_font_family": "Muli",
                                "typography_font_size_tablet": {
                                    "unit": "em",
                                    "size": 1.8
                                },
                                "typography_font_size_mobile": {
                                    "unit": "em",
                                    "size": 1.5
                                },
                                "typography_font_weight": "900",
                                "align_mobile": "center"
                            },
                            "elements": [],
                            "isInner": false,
                            "widgetType": "heading",
                            "elType": "widget"
                        },
                        {
                            "id": "6bb77566",
                            "settings": {
                                "editor": "Sunday: 12pm - 8pm | Monday - Friday: 10pm - 6pm. ",
                                "align": "right",
                                "text_color": "#ffffff",
                                "_margin": {
                                    "unit": "px",
                                    "top": "-10",
                                    "right": "0",
                                    "bottom": "0",
                                    "left": "0",
                                    "isLinked": false
                                },
                                "typography_typography": "custom",
                                "typography_font_family": "Muli",
                                "typography_font_weight": "800",
                                "align_mobile": "center"
                            },
                            "elements": [],
                            "isInner": false,
                            "widgetType": "text-editor",
                            "elType": "widget"
                        }
                    ],
                    "isInner": false,
                    "elType": "column"
                },
                {
                    "id": "3b87b9e5",
                    "settings": {
                        "_column_size": 50
                    },
                    "elements": [
                        {
                            "id": "2c621d02",
                            "settings": {
                                "text": "Get Derections",
                                "button_text_color": "#ffffff",
                                "background_color": "#f7c933",
                                "text_padding": {
                                    "unit": "px",
                                    "top": "15",
                                    "right": "40",
                                    "bottom": "15",
                                    "left": "40",
                                    "isLinked": false
                                },
                                "_margin": {
                                    "unit": "px",
                                    "top": "25",
                                    "right": "0",
                                    "bottom": "0",
                                    "left": "0",
                                    "isLinked": false
                                },
                                "hover_color": "#ffffff",
                                "hover_animation": "float",
                                "align": "right",
                                "icon": "fa fa-map-marker",
                                "icon_indent": {
                                    "unit": "px",
                                    "size": 15
                                },
                                "typography_typography": "custom",
                                "typography_font_family": "Muli",
                                "typography_font_weight": "bold",
                                "typography_text_transform": "uppercase",
                                "typography_letter_spacing": {
                                    "unit": "px",
                                    "size": 2
                                },
                                "align_mobile": "center",
                                "selected_icon": {
                                    "value": "fas fa-map-marker-alt",
                                    "library": "fa-solid"
                                }
                            },
                            "elements": [],
                            "isInner": false,
                            "widgetType": "button",
                            "elType": "widget"
                        },
                        {
                            "id": "41f85e72",
                            "settings": {
                                "text": "001 528 69853",
                                "align": "right",
                                "icon": "fa fa-phone",
                                "icon_indent": {
                                    "unit": "px",
                                    "size": 15
                                },
                                "typography_typography": "custom",
                                "typography_font_size": {
                                    "unit": "px",
                                    "size": 18
                                },
                                "button_text_color": "#ffffff",
                                "background_color": "rgba(0,0,0,0)",
                                "align_mobile": "center",
                                "selected_icon": {
                                    "value": "fas fa-phone",
                                    "library": "fa-solid"
                                }
                            },
                            "elements": [],
                            "isInner": false,
                            "widgetType": "button",
                            "elType": "widget"
                        }
                    ],
                    "isInner": false,
                    "elType": "column"
                }
            ],
            "isInner": false,
            "elType": "section"
        }
    ]
}