{
    "version": "0.4",
    "title": "Contact 2",
    "type": "section",
    "metadata": {
        "template_type": "section",
        "elementor_pro_required": false,
        "wp_page_template": "default"
    },
    "content": [
        {
            "id": "6d7b6963",
            "settings": {
                "custom_height": {
                    "unit": "vh",
                    "size": 60
                },
                "background_background": "classic",
                "background_image": {
                    "url": "https:\/\/wp.envatoextensions.com\/kit-57\/wp-content\/uploads\/sites\/60\/2018\/08\/pexels-photo-276534.jpeg",
                    "id": 4261
                },
                "background_position": "center left",
                "background_overlay_background": "classic",
                "background_overlay_color_b": "rgba(242,41,91,0)",
                "background_overlay_gradient_angle": {
                    "unit": "deg",
                    "size": -145
                },
                "padding": {
                    "unit": "em",
                    "top": "",
                    "right": "",
                    "bottom": "",
                    "left": "",
                    "isLinked": false
                },
                "padding_tablet": {
                    "unit": "px",
                    "top": "10",
                    "right": "30",
                    "bottom": "10",
                    "left": "30",
                    "isLinked": false
                },
                "padding_mobile": {
                    "unit": "px",
                    "top": "0",
                    "right": "15",
                    "bottom": "0",
                    "left": "15",
                    "isLinked": false
                },
                "background_size": "cover",
                "height": "min-height",
                "structure": "20",
                "shape_divider_bottom": "tilt",
                "shape_divider_bottom_color": "#ffffff",
                "shape_divider_bottom_height": {
                    "unit": "px",
                    "size": 93
                },
                "animation": "fadeIn"
            },
            "elements": [
                {
                    "id": "69ececc3",
                    "settings": {
                        "_column_size": 50,
                        "background_background": "classic",
                        "_inline_size_mobile": 100,
                        "padding_tablet": {
                            "unit": "px",
                            "top": "0",
                            "right": "0",
                            "bottom": "0",
                            "left": "0",
                            "isLinked": true
                        },
                        "_inline_size": null,
                        "margin": {
                            "unit": "px",
                            "top": "0",
                            "right": "0",
                            "bottom": "0",
                            "left": "0",
                            "isLinked": true
                        }
                    },
                    "elements": [
                        {
                            "id": "6b30e3f7",
                            "settings": {
                                "title": "We Love Furniture",
                                "align": "left",
                                "title_color": "#000000",
                                "typography_typography": "custom",
                                "typography_font_family": "Muli",
                                "typography_font_size": {
                                    "unit": "em",
                                    "size": 1.3
                                },
                                "typography_font_size_tablet": {
                                    "unit": "em",
                                    "size": ""
                                },
                                "typography_font_size_mobile": {
                                    "unit": "em",
                                    "size": 1
                                },
                                "typography_font_weight": "800",
                                "_animation": "fadeInUp",
                                "_animation_delay": 600
                            },
                            "elements": [],
                            "isInner": false,
                            "widgetType": "heading",
                            "elType": "widget"
                        },
                        {
                            "id": "13247113",
                            "settings": {
                                "title": "Contact Us",
                                "align": "left",
                                "title_color": "#000000",
                                "typography_typography": "custom",
                                "typography_font_family": "Muli",
                                "typography_font_size": {
                                    "unit": "em",
                                    "size": 4
                                },
                                "typography_font_size_tablet": {
                                    "unit": "em",
                                    "size": 2.1000000000000001
                                },
                                "typography_font_size_mobile": {
                                    "unit": "em",
                                    "size": 2.7999999999999998
                                },
                                "typography_font_weight": "900",
                                "header_size": "h1",
                                "_animation": "fadeIn",
                                "_animation_delay": 500
                            },
                            "elements": [],
                            "isInner": false,
                            "widgetType": "heading",
                            "elType": "widget"
                        },
                        {
                            "id": "7f50854c",
                            "settings": {
                                "text": "Visit Our Showroom",
                                "align": "left",
                                "icon": "fa fa-map-marker",
                                "button_text_color": "#ffffff",
                                "background_color": "#8fd6d1",
                                "hover_color": "#ffffff",
                                "button_background_hover_color": "#000000",
                                "typography_typography": "custom",
                                "text_padding": {
                                    "unit": "px",
                                    "top": "15",
                                    "right": "40",
                                    "bottom": "15",
                                    "left": "40",
                                    "isLinked": false
                                },
                                "_margin": {
                                    "unit": "px",
                                    "top": "25",
                                    "right": "0",
                                    "bottom": "0",
                                    "left": "0",
                                    "isLinked": false
                                },
                                "icon_indent": {
                                    "unit": "px",
                                    "size": 15
                                },
                                "typography_font_family": "Muli",
                                "typography_font_weight": "bold",
                                "typography_text_transform": "uppercase",
                                "typography_letter_spacing": {
                                    "unit": "px",
                                    "size": 2
                                },
                                "hover_animation": "float",
                                "typography_font_size_mobile": {
                                    "unit": "px",
                                    "size": 10
                                },
                                "typography_line_height_mobile": {
                                    "unit": "em",
                                    "size": 1.6000000000000001
                                },
                                "text_padding_mobile": {
                                    "unit": "px",
                                    "top": "10",
                                    "right": "10",
                                    "bottom": "10",
                                    "left": "10",
                                    "isLinked": true
                                },
                                "selected_icon": {
                                    "value": "fas fa-map-marker-alt",
                                    "library": "fa-solid"
                                }
                            },
                            "elements": [],
                            "isInner": false,
                            "widgetType": "button",
                            "elType": "widget"
                        }
                    ],
                    "isInner": false,
                    "elType": "column"
                },
                {
                    "id": "7c303b2b",
                    "settings": {
                        "_column_size": 50,
                        "background_background": "classic",
                        "_inline_size_mobile": 100,
                        "padding_tablet": {
                            "unit": "px",
                            "top": "0",
                            "right": "0",
                            "bottom": "0",
                            "left": "0",
                            "isLinked": true
                        },
                        "_inline_size": null,
                        "margin": {
                            "unit": "px",
                            "top": "0",
                            "right": "0",
                            "bottom": "0",
                            "left": "0",
                            "isLinked": true
                        }
                    },
                    "elements": [],
                    "isInner": false,
                    "elType": "column"
                }
            ],
            "isInner": false,
            "elType": "section"
        },
        {
            "id": "30fbaece",
            "settings": {
                "padding": {
                    "unit": "em",
                    "top": "6",
                    "right": "0",
                    "bottom": "4",
                    "left": "0",
                    "isLinked": false
                },
                "structure": "20",
                "padding_tablet": {
                    "unit": "px",
                    "top": "150",
                    "right": "30",
                    "bottom": "230",
                    "left": "30",
                    "isLinked": false
                },
                "padding_mobile": {
                    "unit": "em",
                    "top": "3",
                    "right": "1",
                    "bottom": "3",
                    "left": "1",
                    "isLinked": false
                },
                "background_background": "classic",
                "shape_divider_top_color": "#ffffff",
                "shape_divider_top_height": {
                    "unit": "px",
                    "size": 137
                },
                "shape_divider_bottom": "tilt",
                "shape_divider_bottom_color": "#ffffff",
                "background_color": "#ffffff",
                "shape_divider_top_flip": "yes",
                "shape_divider_bottom_height": {
                    "unit": "px",
                    "size": 170
                },
                "content_width": {
                    "unit": "px",
                    "size": 1400
                }
            },
            "elements": [
                {
                    "id": "786ff130",
                    "settings": {
                        "_column_size": 50,
                        "_inline_size": null,
                        "padding": {
                            "unit": "px",
                            "top": "0",
                            "right": "0",
                            "bottom": "0",
                            "left": "0",
                            "isLinked": false
                        },
                        "_inline_size_tablet": 100,
                        "_inline_size_mobile": 100,
                        "animation": "fadeInLeft",
                        "animation_delay": 100
                    },
                    "elements": [
                        {
                            "id": "640f110d",
                            "settings": {
                                "image": {
                                    "url": "https:\/\/wp.envatoextensions.com\/kit-57\/wp-content\/uploads\/sites\/60\/2018\/08\/work.jpg",
                                    "id": 4218
                                },
                                "align_tablet": "left",
                                "image_border_border": "solid",
                                "image_border_width": {
                                    "unit": "px",
                                    "top": "20",
                                    "right": "20",
                                    "bottom": "20",
                                    "left": "20",
                                    "isLinked": true
                                },
                                "image_border_color": "#ffe3af",
                                "image_box_shadow_box_shadow": {
                                    "horizontal": 0,
                                    "vertical": 5,
                                    "blur": 10,
                                    "spread": 0,
                                    "color": "rgba(0,0,0,0.05)"
                                },
                                "width": {
                                    "unit": "%",
                                    "size": 72
                                },
                                "width_tablet": {
                                    "unit": "%",
                                    "size": 100
                                }
                            },
                            "elements": [],
                            "isInner": false,
                            "widgetType": "image",
                            "elType": "widget"
                        }
                    ],
                    "isInner": false,
                    "elType": "column"
                },
                {
                    "id": "5cb5e416",
                    "settings": {
                        "_column_size": 50,
                        "_inline_size": null,
                        "padding": {
                            "unit": "em",
                            "top": "4",
                            "right": "4",
                            "bottom": "4",
                            "left": "4",
                            "isLinked": true
                        },
                        "_inline_size_tablet": 100,
                        "_inline_size_mobile": 100,
                        "content_position": "center",
                        "animation": "fadeInRight",
                        "animation_delay": 200,
                        "padding_mobile": {
                            "unit": "px",
                            "top": "30",
                            "right": "10",
                            "bottom": "0",
                            "left": "10",
                            "isLinked": false
                        },
                        "padding_tablet": {
                            "unit": "%",
                            "top": "4",
                            "right": "0",
                            "bottom": "4",
                            "left": "0",
                            "isLinked": false
                        }
                    },
                    "elements": [
                        {
                            "id": "4df84ad",
                            "settings": {
                                "title": "Order Inquiries",
                                "header_size": "h3",
                                "align": "left",
                                "title_color": "#202020",
                                "typography_typography": "custom",
                                "typography_font_family": "Muli",
                                "typography_font_size": {
                                    "unit": "em",
                                    "size": 1.8
                                },
                                "typography_font_size_mobile": {
                                    "unit": "em",
                                    "size": 1.3
                                },
                                "typography_font_weight": "800"
                            },
                            "elements": [],
                            "isInner": false,
                            "widgetType": "heading",
                            "elType": "widget"
                        },
                        {
                            "id": "7b7888a9",
                            "settings": {
                                "weight": {
                                    "unit": "px",
                                    "size": 5
                                },
                                "color": "#fed45c",
                                "width": {
                                    "unit": "%",
                                    "size": 10
                                },
                                "align": "left",
                                "gap": {
                                    "unit": "px",
                                    "size": 0
                                },
                                "style": "double"
                            },
                            "elements": [],
                            "isInner": false,
                            "widgetType": "divider",
                            "elType": "widget"
                        },
                        {
                            "id": "46d316ea",
                            "settings": {
                                "editor": "<p>Nam quam nunc, blandit vel, luctus pulvinar, hendrerit id, lorem. Maecenas nec odio et ante tincidunt tempus. Donec vitae sapien ut libero venenatis faucibus.<\/p>",
                                "align": "left",
                                "typography_typography": "custom",
                                "typography_font_family": "Muli",
                                "typography_line_height": {
                                    "unit": "em",
                                    "size": 1.5
                                },
                                "_margin": {
                                    "unit": "px",
                                    "top": "0",
                                    "right": "0",
                                    "bottom": "0",
                                    "left": "0",
                                    "isLinked": false
                                },
                                "text_color": "#0f1616"
                            },
                            "elements": [],
                            "isInner": false,
                            "widgetType": "text-editor",
                            "elType": "widget"
                        },
                        {
                            "id": "35e940ca",
                            "settings": {
                                "social_icon_list": [
                                    {
                                        "social": "fa fa-facebook",
                                        "_id": "e7a2155",
                                        "link": {
                                            "url": "",
                                            "is_external": "true",
                                            "nofollow": ""
                                        }
                                    },
                                    {
                                        "social": "fa fa-twitter",
                                        "_id": "60852d4",
                                        "link": {
                                            "url": "",
                                            "is_external": "true",
                                            "nofollow": ""
                                        }
                                    },
                                    {
                                        "social": "fa fa-google-plus",
                                        "_id": "57d13b6",
                                        "link": {
                                            "url": "",
                                            "is_external": "true",
                                            "nofollow": ""
                                        }
                                    },
                                    {
                                        "social": "fa fa-linkedin",
                                        "link": {
                                            "url": "",
                                            "is_external": "true",
                                            "nofollow": ""
                                        },
                                        "_id": "e9be626"
                                    }
                                ],
                                "shape": "circle",
                                "align": "left",
                                "icon_color": "custom",
                                "icon_primary_color": "#8fd6d1",
                                "icon_secondary_color": "#ffffff",
                                "icon_size": {
                                    "unit": "px",
                                    "size": 14
                                },
                                "icon_padding": {
                                    "unit": "em",
                                    "size": 0.80000000000000004
                                },
                                "icon_spacing": {
                                    "unit": "px",
                                    "size": 10
                                },
                                "align_mobile": "left",
                                "_padding": {
                                    "unit": "em",
                                    "top": "1",
                                    "right": "0",
                                    "bottom": "1",
                                    "left": "0",
                                    "isLinked": false
                                }
                            },
                            "elements": [],
                            "isInner": false,
                            "widgetType": "social-icons",
                            "elType": "widget"
                        },
                        {
                            "id": "1b15a3f1",
                            "settings": {
                                "space": {
                                    "unit": "px",
                                    "size": 20
                                }
                            },
                            "elements": [],
                            "isInner": false,
                            "widgetType": "spacer",
                            "elType": "widget"
                        },
                        {
                            "id": "70652da3",
                            "settings": {
                                "icon_list": [
                                    {
                                        "text": "1234 11th Ave S. Minneapolis, MN 55122",
                                        "icon": "fa fa-clone",
                                        "_id": "cfc01b7",
                                        "link": {
                                            "url": "",
                                            "is_external": "",
                                            "nofollow": ""
                                        }
                                    },
                                    {
                                        "text": "+1 612 222 3456",
                                        "icon": "fa fa-phone",
                                        "_id": "2f7e798",
                                        "link": {
                                            "url": "",
                                            "is_external": "",
                                            "nofollow": ""
                                        }
                                    },
                                    {
                                        "text": "info@ourstore.com",
                                        "icon": "fa fa-envelope-open",
                                        "_id": "2ff8e51",
                                        "link": {
                                            "url": "",
                                            "is_external": "",
                                            "nofollow": ""
                                        }
                                    }
                                ],
                                "space_between": {
                                    "unit": "px",
                                    "size": 35
                                },
                                "text_indent": {
                                    "unit": "px",
                                    "size": 18
                                },
                                "icon_color": "#fed45c",
                                "icon_typography_typography": "custom",
                                "icon_typography_font_family": "Muli",
                                "_margin": {
                                    "unit": "%",
                                    "top": "",
                                    "right": "",
                                    "bottom": "",
                                    "left": "",
                                    "isLinked": false
                                },
                                "text_color": "#000000",
                                "icon_align": "left",
                                "divider": "yes",
                                "divider_width": {
                                    "unit": "%",
                                    "size": 32
                                },
                                "divider_color": "#f7f4ea",
                                "icon_typography_font_size": {
                                    "unit": "rem",
                                    "size": 1
                                }
                            },
                            "elements": [],
                            "isInner": false,
                            "widgetType": "icon-list",
                            "elType": "widget"
                        }
                    ],
                    "isInner": false,
                    "elType": "column"
                }
            ],
            "isInner": false,
            "elType": "section"
        },
        {
            "id": "52dcc9f8",
            "settings": {
                "content_width": {
                    "unit": "px",
                    "size": 650
                },
                "background_background": "classic",
                "margin": {
                    "unit": "px",
                    "top": "0",
                    "right": 0,
                    "bottom": "-135",
                    "left": 0,
                    "isLinked": false
                },
                "z_index": 11
            },
            "elements": [
                {
                    "id": "721d0ae4",
                    "settings": {
                        "_column_size": 100,
                        "background_background": "classic",
                        "background_position": "center center",
                        "background_repeat": "no-repeat",
                        "background_size": "cover",
                        "background_overlay_background": "classic",
                        "padding": {
                            "unit": "px",
                            "top": "65",
                            "right": "0",
                            "bottom": "65",
                            "left": "0",
                            "isLinked": false
                        },
                        "background_color": "#ffe3af",
                        "border_radius": {
                            "unit": "px",
                            "top": "5",
                            "right": "5",
                            "bottom": "5",
                            "left": "5",
                            "isLinked": true
                        },
                        "animation": "fadeIn",
                        "animation_delay": 100
                    },
                    "elements": [
                        {
                            "id": "7cb3088b",
                            "settings": {
                                "title": "Start Your Custom Project Today\n",
                                "header_size": "h1",
                                "align": "center",
                                "title_color": "#0f1616",
                                "typography_typography": "custom",
                                "typography_font_family": "Muli",
                                "typography_font_size": {
                                    "unit": "em",
                                    "size": 1.8
                                },
                                "typography_font_size_mobile": {
                                    "unit": "em",
                                    "size": 1.3
                                },
                                "typography_font_weight": "800"
                            },
                            "elements": [],
                            "isInner": false,
                            "widgetType": "heading",
                            "elType": "widget"
                        },
                        {
                            "id": "677c74e1",
                            "settings": {
                                "text": "Get A Quote",
                                "button_text_color": "#ffffff",
                                "background_color": "#0f1616",
                                "text_padding": {
                                    "unit": "px",
                                    "top": "15",
                                    "right": "40",
                                    "bottom": "15",
                                    "left": "40",
                                    "isLinked": false
                                },
                                "hover_color": "#ffffff",
                                "button_background_hover_color": "#000000",
                                "hover_animation": "float",
                                "align": "center",
                                "icon": "fa fa-paper-plane",
                                "icon_indent": {
                                    "unit": "px",
                                    "size": 15
                                },
                                "icon_align": "right",
                                "_padding": {
                                    "unit": "em",
                                    "top": "1",
                                    "right": "0",
                                    "bottom": "1",
                                    "left": "0",
                                    "isLinked": false
                                },
                                "selected_icon": {
                                    "value": "fas fa-paper-plane",
                                    "library": "fa-solid"
                                }
                            },
                            "elements": [],
                            "isInner": false,
                            "widgetType": "button",
                            "elType": "widget"
                        }
                    ],
                    "isInner": false,
                    "elType": "column"
                }
            ],
            "isInner": false,
            "elType": "section"
        },
        {
            "id": "233daedb",
            "settings": {
                "layout": "full_width",
                "shape_divider_top": "tilt",
                "shape_divider_top_color": "#ffffff",
                "shape_divider_top_height": {
                    "unit": "px",
                    "size": 101
                },
                "shape_divider_top_flip": "yes",
                "shape_divider_top_above_content": "yes",
                "shape_divider_bottom": "tilt",
                "shape_divider_bottom_color": "#f6f7f8",
                "shape_divider_bottom_height": {
                    "unit": "px",
                    "size": 86
                },
                "shape_divider_bottom_above_content": "yes"
            },
            "elements": [
                {
                    "id": "3b0655f2",
                    "settings": {
                        "_column_size": 100,
                        "padding": {
                            "unit": "px",
                            "top": "0",
                            "right": "0",
                            "bottom": "0",
                            "left": "0",
                            "isLinked": false
                        }
                    },
                    "elements": [
                        {
                            "id": "3b39c24",
                            "settings": {
                                "address": "Custom Furniture, Minneapolis",
                                "height": {
                                    "unit": "px",
                                    "size": 550
                                },
                                "prevent_scroll": "",
                                "css_filters_hover_blur": {
                                    "unit": "px",
                                    "size": 0.59999999999999998
                                },
                                "css_filters_hover_saturate": {
                                    "unit": "px",
                                    "size": 0
                                },
                                "zoom": {
                                    "unit": "px",
                                    "size": 11
                                },
                                "css_filters_css_filter": "custom",
                                "css_filters_brightness": {
                                    "unit": "px",
                                    "size": 94
                                },
                                "css_filters_contrast": {
                                    "unit": "px",
                                    "size": 122
                                },
                                "css_filters_saturate": {
                                    "unit": "px",
                                    "size": 91
                                },
                                "css_filters_hue": {
                                    "unit": "px",
                                    "size": 322
                                }
                            },
                            "elements": [],
                            "isInner": false,
                            "widgetType": "google_maps",
                            "elType": "widget"
                        }
                    ],
                    "isInner": false,
                    "elType": "column"
                }
            ],
            "isInner": false,
            "elType": "section"
        },
        {
            "id": "4d217422",
            "settings": {
                "background_background": "classic",
                "padding": {
                    "unit": "em",
                    "top": "4",
                    "right": "0",
                    "bottom": "4",
                    "left": "0",
                    "isLinked": false
                },
                "background_color": "#f6f7f8"
            },
            "elements": [
                {
                    "id": "6c880573",
                    "settings": {
                        "_column_size": 100,
                        "animation": "fadeInUp",
                        "animation_delay": 100,
                        "_inline_size": null
                    },
                    "elements": [
                        {
                            "id": "fd53bc4",
                            "settings": {
                                "title": "Get New Product & Discount Info",
                                "align": "center",
                                "title_color": "#0f1616",
                                "typography_typography": "custom",
                                "typography_font_family": "Muli",
                                "typography_font_size": {
                                    "unit": "em",
                                    "size": 2.6000000000000001
                                },
                                "typography_font_weight": "800",
                                "typography_font_size_tablet": {
                                    "unit": "em",
                                    "size": 1.8
                                },
                                "typography_font_size_mobile": {
                                    "unit": "em",
                                    "size": 1.5
                                },
                                "typography_text_transform": "capitalize"
                            },
                            "elements": [],
                            "isInner": false,
                            "widgetType": "heading",
                            "elType": "widget"
                        },
                        {
                            "id": "497c620f",
                            "settings": {
                                "editor": "<p>Nam aliquet est vel sem laoreet, eget efficitur dolor pretium. Morbi id nunc risus.<br \/>Suspendisse sed lectus nec sapien malesuada porttitor.<\/p>",
                                "align": "center",
                                "text_color": "#0f1616",
                                "typography_typography": "custom",
                                "typography_font_family": "Muli",
                                "typography_line_height": {
                                    "unit": "em",
                                    "size": 1.5
                                }
                            },
                            "elements": [],
                            "isInner": false,
                            "widgetType": "text-editor",
                            "elType": "widget"
                        },
                        {
                            "id": "4d6e3fa3",
                            "settings": {
                                "text": "Sign Up Today",
                                "align": "center",
                                "icon": "fa fa-trophy",
                                "button_text_color": "#0f1616",
                                "background_color": "#ffe3af",
                                "hover_color": "#ffffff",
                                "button_background_hover_color": "#000000",
                                "typography_typography": "custom",
                                "text_padding": {
                                    "unit": "px",
                                    "top": "15",
                                    "right": "40",
                                    "bottom": "15",
                                    "left": "40",
                                    "isLinked": false
                                },
                                "_margin": {
                                    "unit": "px",
                                    "top": "25",
                                    "right": "0",
                                    "bottom": "0",
                                    "left": "0",
                                    "isLinked": false
                                },
                                "icon_indent": {
                                    "unit": "px",
                                    "size": 15
                                },
                                "typography_font_family": "Muli",
                                "typography_font_weight": "bold",
                                "typography_text_transform": "uppercase",
                                "typography_letter_spacing": {
                                    "unit": "px",
                                    "size": 2
                                },
                                "hover_animation": "float",
                                "selected_icon": {
                                    "value": "fas fa-trophy",
                                    "library": "fa-solid"
                                }
                            },
                            "elements": [],
                            "isInner": false,
                            "widgetType": "button",
                            "elType": "widget"
                        }
                    ],
                    "isInner": false,
                    "elType": "column"
                }
            ],
            "isInner": false,
            "elType": "section"
        }
    ]
}