{
    "version": "0.4",
    "title": "Contact 1",
    "type": "section",
    "metadata": {
        "template_type": "section",
        "elementor_pro_required": false,
        "wp_page_template": "default"
    },
    "content": [
        {
            "id": "6e76b138",
            "settings": {
                "background_background": "classic",
                "background_color": "#f6f7f8",
                "padding": {
                    "unit": "%",
                    "top": "0",
                    "right": "10",
                    "bottom": "0",
                    "left": "10",
                    "isLinked": false
                },
                "padding_tablet": {
                    "unit": "em",
                    "top": "1",
                    "right": "2",
                    "bottom": "0",
                    "left": "2",
                    "isLinked": false
                },
                "padding_mobile": {
                    "unit": "em",
                    "top": "",
                    "right": "",
                    "bottom": "",
                    "left": "",
                    "isLinked": false
                },
                "shape_divider_top_height": {
                    "unit": "px",
                    "size": 91
                },
                "shape_divider_bottom_color": "#0f1616",
                "shape_divider_top_color": "#ffffff",
                "shape_divider_bottom_flip": "yes",
                "stretch_section": "section-stretched",
                "layout": "full_width",
                "gap": "no",
                "shape_divider_top_above_content": "yes",
                "shape_divider_bottom_height": {
                    "unit": "px",
                    "size": 69
                },
                "shape_divider_bottom_above_content": "yes",
                "margin": {
                    "unit": "%",
                    "top": "0",
                    "right": 0,
                    "bottom": "0",
                    "left": 0,
                    "isLinked": false
                },
                "height": "min-height",
                "custom_height": {
                    "unit": "vh",
                    "size": 45
                },
                "content_width": {
                    "unit": "px",
                    "size": 1600
                },
                "custom_height_mobile": {
                    "unit": "vh",
                    "size": 50
                },
                "column_position": "stretch",
                "content_position": "top",
                "background_image": {
                    "url": "https:\/\/wp.envatoextensions.com\/kit-57\/wp-content\/uploads\/sites\/60\/2018\/08\/call-to-action2.jpg",
                    "id": 4125
                },
                "background_size": "cover",
                "background_overlay_background": "gradient",
                "background_overlay_color": "#ffffff",
                "background_overlay_color_stop": {
                    "unit": "%",
                    "size": 51
                },
                "background_overlay_color_b": "rgba(255,255,255,0)",
                "background_overlay_color_b_stop": {
                    "unit": "%",
                    "size": 0
                },
                "background_overlay_gradient_angle": {
                    "unit": "deg",
                    "size": 150
                },
                "background_overlay_opacity": {
                    "unit": "px",
                    "size": 0.53000000000000003
                }
            },
            "elements": [
                {
                    "id": "7b30f5b7",
                    "settings": {
                        "_column_size": 100,
                        "_inline_size_tablet": 100,
                        "_inline_size_mobile": 100,
                        "margin": {
                            "unit": "px",
                            "top": "0",
                            "right": "0",
                            "bottom": "0",
                            "left": "0",
                            "isLinked": true
                        },
                        "padding": {
                            "unit": "px",
                            "top": "0",
                            "right": "0",
                            "bottom": "0",
                            "left": "0",
                            "isLinked": true
                        },
                        "content_position": "top"
                    },
                    "elements": [
                        {
                            "id": "b519fdf",
                            "settings": {
                                "address": "custom Furniture, minneapolis",
                                "zoom": {
                                    "unit": "px",
                                    "size": 11
                                },
                                "height": {
                                    "unit": "px",
                                    "size": 697
                                },
                                "prevent_scroll": "",
                                "css_filters_css_filter": "custom",
                                "css_filters_brightness": {
                                    "unit": "px",
                                    "size": 94
                                },
                                "css_filters_contrast": {
                                    "unit": "px",
                                    "size": 122
                                },
                                "css_filters_saturate": {
                                    "unit": "px",
                                    "size": 104
                                },
                                "css_filters_hue": {
                                    "unit": "px",
                                    "size": 310
                                },
                                "css_filters_hover_blur": {
                                    "unit": "px",
                                    "size": 0.59999999999999998
                                },
                                "css_filters_hover_saturate": {
                                    "unit": "px",
                                    "size": 0
                                },
                                "_margin": {
                                    "unit": "px",
                                    "top": "50",
                                    "right": "0",
                                    "bottom": "-100",
                                    "left": "0",
                                    "isLinked": false
                                }
                            },
                            "elements": [],
                            "isInner": false,
                            "widgetType": "google_maps",
                            "elType": "widget"
                        }
                    ],
                    "isInner": false,
                    "elType": "column"
                }
            ],
            "isInner": false,
            "elType": "section"
        },
        {
            "id": "23d2cf2c",
            "settings": {
                "padding": {
                    "unit": "em",
                    "top": "8",
                    "right": "0",
                    "bottom": "2",
                    "left": "0",
                    "isLinked": false
                },
                "padding_tablet": {
                    "unit": "em",
                    "top": "0",
                    "right": "0",
                    "bottom": "0",
                    "left": "0",
                    "isLinked": true
                },
                "padding_mobile": {
                    "unit": "px",
                    "top": "50",
                    "right": "15",
                    "bottom": "50",
                    "left": "15",
                    "isLinked": false
                },
                "margin_tablet": {
                    "unit": "px",
                    "top": "0",
                    "right": 0,
                    "bottom": "0",
                    "left": 0,
                    "isLinked": true
                }
            },
            "elements": [
                {
                    "id": "4f74a21f",
                    "settings": {
                        "_column_size": 100,
                        "_inline_size_tablet": 100,
                        "_inline_size_mobile": 100
                    },
                    "elements": [
                        {
                            "id": "66e287ba",
                            "settings": {
                                "content_width": {
                                    "unit": "px",
                                    "size": 500
                                },
                                "gap": "wider",
                                "padding": {
                                    "unit": "em",
                                    "top": "0",
                                    "right": "0",
                                    "bottom": "0",
                                    "left": "0",
                                    "isLinked": false
                                },
                                "padding_tablet": {
                                    "unit": "em",
                                    "top": "6",
                                    "right": "3",
                                    "bottom": "3",
                                    "left": "3",
                                    "isLinked": false
                                },
                                "padding_mobile": {
                                    "unit": "px",
                                    "top": "0",
                                    "right": "0",
                                    "bottom": "0",
                                    "left": "0",
                                    "isLinked": true
                                }
                            },
                            "elements": [
                                {
                                    "id": "521c31aa",
                                    "settings": {
                                        "_column_size": 100,
                                        "_inline_size": null,
                                        "_inline_size_tablet": 100,
                                        "_inline_size_mobile": 100,
                                        "animation": "fadeInRight"
                                    },
                                    "elements": [
                                        {
                                            "id": "38ea9aec",
                                            "settings": {
                                                "title": "Contact Us",
                                                "align": "center",
                                                "title_color": "#54595f",
                                                "typography_typography": "custom",
                                                "typography_font_size": {
                                                    "unit": "em",
                                                    "size": 1
                                                },
                                                "typography_font_family": "Muli",
                                                "typography_font_size_tablet": {
                                                    "unit": "em",
                                                    "size": 1
                                                },
                                                "header_size": "h3",
                                                "typography_font_size_mobile": {
                                                    "unit": "em",
                                                    "size": 1
                                                },
                                                "typography_font_weight": "700",
                                                "_margin": {
                                                    "unit": "px",
                                                    "top": "0",
                                                    "right": "0",
                                                    "bottom": "-10",
                                                    "left": "0",
                                                    "isLinked": false
                                                }
                                            },
                                            "elements": [],
                                            "isInner": false,
                                            "widgetType": "heading",
                                            "elType": "widget"
                                        },
                                        {
                                            "id": "10802ac7",
                                            "settings": {
                                                "title": "Get in Touch",
                                                "align": "center",
                                                "title_color": "#000000",
                                                "typography_typography": "custom",
                                                "typography_font_size": {
                                                    "unit": "em",
                                                    "size": 2.7999999999999998
                                                },
                                                "typography_font_family": "Muli",
                                                "typography_font_size_tablet": {
                                                    "unit": "em",
                                                    "size": 1.8
                                                },
                                                "typography_font_size_mobile": {
                                                    "unit": "em",
                                                    "size": 1.5
                                                },
                                                "typography_font_weight": "800",
                                                "typography_text_transform": "capitalize",
                                                "_padding": {
                                                    "unit": "em",
                                                    "top": "0",
                                                    "right": "0",
                                                    "bottom": "1",
                                                    "left": "0",
                                                    "isLinked": false
                                                }
                                            },
                                            "elements": [],
                                            "isInner": false,
                                            "widgetType": "heading",
                                            "elType": "widget"
                                        },
                                        {
                                            "id": "25173bdf",
                                            "settings": {
                                                "color": "#f7de00",
                                                "width": {
                                                    "unit": "%",
                                                    "size": 22
                                                },
                                                "align": "center",
                                                "gap": {
                                                    "unit": "px",
                                                    "size": 0
                                                },
                                                "_margin": {
                                                    "unit": "px",
                                                    "top": "-12",
                                                    "right": "0",
                                                    "bottom": "0",
                                                    "left": "0",
                                                    "isLinked": false
                                                }
                                            },
                                            "elements": [],
                                            "isInner": false,
                                            "widgetType": "divider",
                                            "elType": "widget"
                                        },
                                        {
                                            "id": "3f0515b6",
                                            "settings": {
                                                "color": "#f7de00",
                                                "width": {
                                                    "unit": "%",
                                                    "size": 12
                                                },
                                                "align": "center",
                                                "gap": {
                                                    "unit": "px",
                                                    "size": 0
                                                },
                                                "_margin": {
                                                    "unit": "px",
                                                    "top": "-12",
                                                    "right": "0",
                                                    "bottom": "0",
                                                    "left": "0",
                                                    "isLinked": false
                                                }
                                            },
                                            "elements": [],
                                            "isInner": false,
                                            "widgetType": "divider",
                                            "elType": "widget"
                                        }
                                    ],
                                    "isInner": true,
                                    "elType": "column"
                                }
                            ],
                            "isInner": true,
                            "elType": "section"
                        },
                        {
                            "id": "2b8a2d7b",
                            "settings": {
                                "gap": "extended",
                                "content_position": "middle",
                                "structure": "20",
                                "margin": {
                                    "unit": "px",
                                    "top": "50",
                                    "right": 0,
                                    "bottom": "0",
                                    "left": 0,
                                    "isLinked": false
                                },
                                "padding": {
                                    "unit": "px",
                                    "top": "0",
                                    "right": "0",
                                    "bottom": "100",
                                    "left": "0",
                                    "isLinked": false
                                },
                                "padding_mobile": {
                                    "unit": "px",
                                    "top": "0",
                                    "right": "0",
                                    "bottom": "50",
                                    "left": "0",
                                    "isLinked": false
                                },
                                "margin_tablet": {
                                    "unit": "px",
                                    "top": "0",
                                    "right": 0,
                                    "bottom": "0",
                                    "left": 0,
                                    "isLinked": true
                                },
                                "padding_tablet": {
                                    "unit": "em",
                                    "top": "0",
                                    "right": "0",
                                    "bottom": "0",
                                    "left": "0",
                                    "isLinked": true
                                }
                            },
                            "elements": [
                                {
                                    "id": "5a95f2b5",
                                    "settings": {
                                        "_column_size": 50,
                                        "_inline_size": null,
                                        "animation": "fadeInLeft",
                                        "content_position": "top",
                                        "padding": {
                                            "unit": "em",
                                            "top": "0",
                                            "right": "0",
                                            "bottom": "0",
                                            "left": "0",
                                            "isLinked": true
                                        }
                                    },
                                    "elements": [
                                        {
                                            "id": "79c300a",
                                            "settings": {
                                                "image": {
                                                    "url": "https:\/\/wp.envatoextensions.com\/kit-57\/wp-content\/uploads\/sites\/60\/2018\/08\/c3.jpg",
                                                    "id": 4158
                                                },
                                                "link_to": "custom",
                                                "link": {
                                                    "url": "#",
                                                    "is_external": "",
                                                    "nofollow": ""
                                                },
                                                "image_border_border": "solid",
                                                "image_border_width": {
                                                    "unit": "px",
                                                    "top": "20",
                                                    "right": "20",
                                                    "bottom": "20",
                                                    "left": "20",
                                                    "isLinked": true
                                                },
                                                "image_border_color": "#ffe3af",
                                                "image_box_shadow_box_shadow": {
                                                    "horizontal": 0,
                                                    "vertical": 5,
                                                    "blur": 10,
                                                    "spread": 0,
                                                    "color": "rgba(0,0,0,0.05)"
                                                },
                                                "align": "left",
                                                "align_tablet": "left",
                                                "width": {
                                                    "unit": "%",
                                                    "size": 100
                                                }
                                            },
                                            "elements": [],
                                            "isInner": false,
                                            "widgetType": "image",
                                            "elType": "widget"
                                        }
                                    ],
                                    "isInner": true,
                                    "elType": "column"
                                },
                                {
                                    "id": "24d18481",
                                    "settings": {
                                        "_column_size": 50,
                                        "_inline_size": null,
                                        "margin_mobile": {
                                            "unit": "px",
                                            "top": "30",
                                            "right": "0",
                                            "bottom": "0",
                                            "left": "0",
                                            "isLinked": false
                                        },
                                        "animation": "fadeInRight",
                                        "padding": {
                                            "unit": "em",
                                            "top": "4",
                                            "right": "4",
                                            "bottom": "4",
                                            "left": "4",
                                            "isLinked": true
                                        },
                                        "padding_mobile": {
                                            "unit": "em",
                                            "top": "1",
                                            "right": "1",
                                            "bottom": "1",
                                            "left": "1",
                                            "isLinked": true
                                        }
                                    },
                                    "elements": [
                                        {
                                            "id": "7123cca3",
                                            "settings": {
                                                "title": "New Hope",
                                                "header_size": "h3",
                                                "title_color": "#000000",
                                                "typography_typography": "custom",
                                                "typography_font_family": "Muli",
                                                "typography_font_size": {
                                                    "unit": "em",
                                                    "size": 1.8
                                                },
                                                "align": "left",
                                                "typography_font_size_tablet": {
                                                    "unit": "em",
                                                    "size": 1.8
                                                },
                                                "typography_font_size_mobile": {
                                                    "unit": "em",
                                                    "size": 1.5
                                                },
                                                "typography_font_weight": "800",
                                                "typography_text_transform": "capitalize",
                                                "_padding": {
                                                    "unit": "em",
                                                    "top": "0",
                                                    "right": "0",
                                                    "bottom": "1",
                                                    "left": "0",
                                                    "isLinked": false
                                                }
                                            },
                                            "elements": [],
                                            "isInner": false,
                                            "widgetType": "heading",
                                            "elType": "widget"
                                        },
                                        {
                                            "id": "215dbfae",
                                            "settings": {
                                                "title": "+1 612 222 3456",
                                                "header_size": "div",
                                                "typography_typography": "custom",
                                                "typography_font_family": "Muli",
                                                "typography_font_weight": "300"
                                            },
                                            "elements": [],
                                            "isInner": false,
                                            "widgetType": "heading",
                                            "elType": "widget"
                                        },
                                        {
                                            "id": "64616da4",
                                            "settings": {
                                                "title": "newhope@ourstore.com",
                                                "header_size": "div",
                                                "typography_typography": "custom",
                                                "typography_font_family": "Muli",
                                                "typography_font_weight": "300"
                                            },
                                            "elements": [],
                                            "isInner": false,
                                            "widgetType": "heading",
                                            "elType": "widget"
                                        },
                                        {
                                            "id": "7f9026fb",
                                            "settings": {
                                                "editor": "<p>1234 11th Ave S.<\/p><p>New Hope, MN 55432<\/p>",
                                                "typography_typography": "custom",
                                                "typography_font_family": "Muli",
                                                "align": "left",
                                                "text_color": "#0f1616",
                                                "typography_font_size": {
                                                    "unit": "px",
                                                    "size": 14
                                                },
                                                "typography_line_height": {
                                                    "unit": "em",
                                                    "size": 0.90000000000000002
                                                }
                                            },
                                            "elements": [],
                                            "isInner": false,
                                            "widgetType": "text-editor",
                                            "elType": "widget"
                                        },
                                        {
                                            "id": "129b4f1",
                                            "settings": {
                                                "editor": "<p>Monday - Saturday<br \/>10am - 8pm<\/p><p>Sundays<br \/>12pm - 4pm<\/p>",
                                                "typography_typography": "custom",
                                                "typography_font_family": "Muli",
                                                "align": "left",
                                                "text_color": "#0f1616",
                                                "typography_font_size": {
                                                    "unit": "px",
                                                    "size": 14
                                                },
                                                "typography_line_height": {
                                                    "unit": "em",
                                                    "size": 0.90000000000000002
                                                }
                                            },
                                            "elements": [],
                                            "isInner": false,
                                            "widgetType": "text-editor",
                                            "elType": "widget"
                                        },
                                        {
                                            "id": "1b32f4c0",
                                            "settings": {
                                                "text": "Get Derections",
                                                "button_text_color": "#ffffff",
                                                "background_color": "#000000",
                                                "text_padding": {
                                                    "unit": "px",
                                                    "top": "15",
                                                    "right": "40",
                                                    "bottom": "15",
                                                    "left": "40",
                                                    "isLinked": false
                                                },
                                                "hover_color": "#ffffff",
                                                "button_background_hover_color": "#000000",
                                                "hover_animation": "float",
                                                "align": "left",
                                                "icon": "fa fa-map-marker",
                                                "icon_indent": {
                                                    "unit": "px",
                                                    "size": 15
                                                },
                                                "selected_icon": {
                                                    "value": "fas fa-map-marker-alt",
                                                    "library": "fa-solid"
                                                }
                                            },
                                            "elements": [],
                                            "isInner": false,
                                            "widgetType": "button",
                                            "elType": "widget"
                                        }
                                    ],
                                    "isInner": true,
                                    "elType": "column"
                                }
                            ],
                            "isInner": true,
                            "elType": "section"
                        },
                        {
                            "id": "71036aba",
                            "settings": {
                                "gap": "wider",
                                "content_position": "middle",
                                "structure": "20",
                                "margin": {
                                    "unit": "px",
                                    "top": "50",
                                    "right": 0,
                                    "bottom": "0",
                                    "left": 0,
                                    "isLinked": false
                                },
                                "padding": {
                                    "unit": "px",
                                    "top": "0",
                                    "right": "0",
                                    "bottom": "0",
                                    "left": "0",
                                    "isLinked": false
                                },
                                "padding_mobile": {
                                    "unit": "px",
                                    "top": "0",
                                    "right": "0",
                                    "bottom": "0",
                                    "left": "0",
                                    "isLinked": true
                                },
                                "reverse_order_mobile": "reverse-mobile",
                                "margin_tablet": {
                                    "unit": "px",
                                    "top": "0",
                                    "right": 0,
                                    "bottom": "0",
                                    "left": 0,
                                    "isLinked": true
                                },
                                "padding_tablet": {
                                    "unit": "px",
                                    "top": "0",
                                    "right": "0",
                                    "bottom": "0",
                                    "left": "0",
                                    "isLinked": true
                                }
                            },
                            "elements": [
                                {
                                    "id": "60f69a1c",
                                    "settings": {
                                        "_column_size": 50,
                                        "_inline_size": null,
                                        "margin_mobile": {
                                            "unit": "px",
                                            "top": "30",
                                            "right": "0",
                                            "bottom": "0",
                                            "left": "0",
                                            "isLinked": false
                                        },
                                        "animation": "fadeInRight",
                                        "padding": {
                                            "unit": "em",
                                            "top": "4",
                                            "right": "4",
                                            "bottom": "4",
                                            "left": "4",
                                            "isLinked": true
                                        },
                                        "padding_mobile": {
                                            "unit": "em",
                                            "top": "1",
                                            "right": "1",
                                            "bottom": "1",
                                            "left": "1",
                                            "isLinked": true
                                        }
                                    },
                                    "elements": [
                                        {
                                            "id": "275cc075",
                                            "settings": {
                                                "title": "Richfield",
                                                "header_size": "h3",
                                                "title_color": "#000000",
                                                "typography_typography": "custom",
                                                "typography_font_family": "Muli",
                                                "typography_font_size": {
                                                    "unit": "em",
                                                    "size": 1.8
                                                },
                                                "align": "right",
                                                "align_mobile": "left",
                                                "typography_font_size_tablet": {
                                                    "unit": "em",
                                                    "size": 1.8
                                                },
                                                "typography_font_size_mobile": {
                                                    "unit": "em",
                                                    "size": 1.5
                                                },
                                                "typography_font_weight": "800",
                                                "typography_text_transform": "capitalize",
                                                "_padding": {
                                                    "unit": "em",
                                                    "top": "0",
                                                    "right": "0",
                                                    "bottom": "1",
                                                    "left": "0",
                                                    "isLinked": false
                                                }
                                            },
                                            "elements": [],
                                            "isInner": false,
                                            "widgetType": "heading",
                                            "elType": "widget"
                                        },
                                        {
                                            "id": "10ddb015",
                                            "settings": {
                                                "title": "+1 612 222 3456",
                                                "header_size": "div",
                                                "align": "right",
                                                "typography_typography": "custom",
                                                "typography_font_family": "Muli",
                                                "typography_font_weight": "300"
                                            },
                                            "elements": [],
                                            "isInner": false,
                                            "widgetType": "heading",
                                            "elType": "widget"
                                        },
                                        {
                                            "id": "2b6cd3a8",
                                            "settings": {
                                                "title": "richfield@ourstore.com",
                                                "header_size": "div",
                                                "align": "right",
                                                "typography_typography": "custom",
                                                "typography_font_family": "Muli",
                                                "typography_font_weight": "300"
                                            },
                                            "elements": [],
                                            "isInner": false,
                                            "widgetType": "heading",
                                            "elType": "widget"
                                        },
                                        {
                                            "id": "5275c0d8",
                                            "settings": {
                                                "editor": "<p>123 Montgomery Ave.<\/p><p>Richfield, MN 55567<\/p>",
                                                "typography_typography": "custom",
                                                "typography_font_family": "Muli",
                                                "align": "right",
                                                "text_color": "#0f1616",
                                                "typography_font_size": {
                                                    "unit": "px",
                                                    "size": 14
                                                },
                                                "typography_line_height": {
                                                    "unit": "em",
                                                    "size": 0.90000000000000002
                                                }
                                            },
                                            "elements": [],
                                            "isInner": false,
                                            "widgetType": "text-editor",
                                            "elType": "widget"
                                        },
                                        {
                                            "id": "72119777",
                                            "settings": {
                                                "editor": "<p>Monday - Saturday<br \/>10am - 8pm<\/p><p>Sundays<br \/>12pm - 4pm<\/p>",
                                                "typography_typography": "custom",
                                                "typography_font_family": "Muli",
                                                "align": "right",
                                                "text_color": "#0f1616",
                                                "typography_font_size": {
                                                    "unit": "px",
                                                    "size": 14
                                                },
                                                "typography_line_height": {
                                                    "unit": "em",
                                                    "size": 0.90000000000000002
                                                }
                                            },
                                            "elements": [],
                                            "isInner": false,
                                            "widgetType": "text-editor",
                                            "elType": "widget"
                                        },
                                        {
                                            "id": "58f71d3b",
                                            "settings": {
                                                "text": "Get Derections",
                                                "button_text_color": "#ffffff",
                                                "background_color": "#000000",
                                                "text_padding": {
                                                    "unit": "px",
                                                    "top": "15",
                                                    "right": "40",
                                                    "bottom": "15",
                                                    "left": "40",
                                                    "isLinked": false
                                                },
                                                "hover_color": "#ffffff",
                                                "button_background_hover_color": "#000000",
                                                "hover_animation": "float",
                                                "align": "right",
                                                "icon": "fa fa-map-marker",
                                                "icon_indent": {
                                                    "unit": "px",
                                                    "size": 15
                                                },
                                                "align_mobile": "left",
                                                "_padding_mobile": {
                                                    "unit": "em",
                                                    "top": "0",
                                                    "right": "0",
                                                    "bottom": "3",
                                                    "left": "0",
                                                    "isLinked": false
                                                },
                                                "selected_icon": {
                                                    "value": "fas fa-map-marker-alt",
                                                    "library": "fa-solid"
                                                }
                                            },
                                            "elements": [],
                                            "isInner": false,
                                            "widgetType": "button",
                                            "elType": "widget"
                                        }
                                    ],
                                    "isInner": true,
                                    "elType": "column"
                                },
                                {
                                    "id": "562b8e87",
                                    "settings": {
                                        "_column_size": 50,
                                        "_inline_size": null,
                                        "animation": "fadeInLeft",
                                        "content_position": "top",
                                        "padding": {
                                            "unit": "em",
                                            "top": "0",
                                            "right": "0",
                                            "bottom": "0",
                                            "left": "0",
                                            "isLinked": true
                                        }
                                    },
                                    "elements": [
                                        {
                                            "id": "7e2205ef",
                                            "settings": {
                                                "image": {
                                                    "url": "https:\/\/wp.envatoextensions.com\/kit-57\/wp-content\/uploads\/sites\/60\/2018\/08\/c2.jpg",
                                                    "id": 4157
                                                },
                                                "link_to": "custom",
                                                "link": {
                                                    "url": "#",
                                                    "is_external": "",
                                                    "nofollow": ""
                                                },
                                                "image_border_border": "solid",
                                                "image_border_width": {
                                                    "unit": "px",
                                                    "top": "20",
                                                    "right": "20",
                                                    "bottom": "20",
                                                    "left": "20",
                                                    "isLinked": true
                                                },
                                                "image_border_color": "#ffe3af",
                                                "image_box_shadow_box_shadow": {
                                                    "horizontal": 0,
                                                    "vertical": 5,
                                                    "blur": 10,
                                                    "spread": 0,
                                                    "color": "rgba(0,0,0,0.05)"
                                                },
                                                "align": "left",
                                                "align_tablet": "left",
                                                "width": {
                                                    "unit": "%",
                                                    "size": 100
                                                }
                                            },
                                            "elements": [],
                                            "isInner": false,
                                            "widgetType": "image",
                                            "elType": "widget"
                                        }
                                    ],
                                    "isInner": true,
                                    "elType": "column"
                                }
                            ],
                            "isInner": true,
                            "elType": "section"
                        },
                        {
                            "id": "507f21b7",
                            "settings": {
                                "gap": "extended",
                                "content_position": "middle",
                                "structure": "20",
                                "margin": {
                                    "unit": "px",
                                    "top": "50",
                                    "right": 0,
                                    "bottom": "0",
                                    "left": 0,
                                    "isLinked": false
                                },
                                "padding": {
                                    "unit": "px",
                                    "top": "0",
                                    "right": "0",
                                    "bottom": "100",
                                    "left": "0",
                                    "isLinked": false
                                },
                                "padding_mobile": {
                                    "unit": "px",
                                    "top": "0",
                                    "right": "0",
                                    "bottom": "50",
                                    "left": "0",
                                    "isLinked": false
                                },
                                "margin_tablet": {
                                    "unit": "px",
                                    "top": "0",
                                    "right": 0,
                                    "bottom": "0",
                                    "left": 0,
                                    "isLinked": true
                                },
                                "padding_tablet": {
                                    "unit": "px",
                                    "top": "0",
                                    "right": "0",
                                    "bottom": "0",
                                    "left": "0",
                                    "isLinked": true
                                }
                            },
                            "elements": [
                                {
                                    "id": "4977d5ac",
                                    "settings": {
                                        "_column_size": 50,
                                        "_inline_size": null,
                                        "animation": "fadeInLeft",
                                        "content_position": "top",
                                        "padding": {
                                            "unit": "em",
                                            "top": "0",
                                            "right": "0",
                                            "bottom": "0",
                                            "left": "0",
                                            "isLinked": true
                                        }
                                    },
                                    "elements": [
                                        {
                                            "id": "6c11337c",
                                            "settings": {
                                                "image": {
                                                    "url": "https:\/\/wp.envatoextensions.com\/kit-57\/wp-content\/uploads\/sites\/60\/2018\/08\/living-room-couch-interior-room-584399.jpeg",
                                                    "id": 4260
                                                },
                                                "link_to": "custom",
                                                "link": {
                                                    "url": "#",
                                                    "is_external": "",
                                                    "nofollow": ""
                                                },
                                                "image_border_border": "solid",
                                                "image_border_width": {
                                                    "unit": "px",
                                                    "top": "20",
                                                    "right": "20",
                                                    "bottom": "20",
                                                    "left": "20",
                                                    "isLinked": true
                                                },
                                                "image_border_color": "#ffe3af",
                                                "image_box_shadow_box_shadow": {
                                                    "horizontal": 0,
                                                    "vertical": 5,
                                                    "blur": 10,
                                                    "spread": 0,
                                                    "color": "rgba(0,0,0,0.05)"
                                                },
                                                "align": "left",
                                                "align_tablet": "left",
                                                "width": {
                                                    "unit": "%",
                                                    "size": 100
                                                }
                                            },
                                            "elements": [],
                                            "isInner": false,
                                            "widgetType": "image",
                                            "elType": "widget"
                                        }
                                    ],
                                    "isInner": true,
                                    "elType": "column"
                                },
                                {
                                    "id": "7e007e0",
                                    "settings": {
                                        "_column_size": 50,
                                        "_inline_size": null,
                                        "margin_mobile": {
                                            "unit": "px",
                                            "top": "30",
                                            "right": "0",
                                            "bottom": "0",
                                            "left": "0",
                                            "isLinked": false
                                        },
                                        "animation": "fadeInRight",
                                        "padding": {
                                            "unit": "em",
                                            "top": "4",
                                            "right": "4",
                                            "bottom": "4",
                                            "left": "4",
                                            "isLinked": true
                                        },
                                        "padding_mobile": {
                                            "unit": "em",
                                            "top": "1",
                                            "right": "1",
                                            "bottom": "1",
                                            "left": "1",
                                            "isLinked": true
                                        }
                                    },
                                    "elements": [
                                        {
                                            "id": "5ab085d3",
                                            "settings": {
                                                "title": "Minneapolis",
                                                "header_size": "h3",
                                                "title_color": "#000000",
                                                "typography_typography": "custom",
                                                "typography_font_family": "Muli",
                                                "typography_font_size": {
                                                    "unit": "em",
                                                    "size": 1.8
                                                },
                                                "align": "left",
                                                "typography_font_size_tablet": {
                                                    "unit": "em",
                                                    "size": 1.8
                                                },
                                                "typography_font_size_mobile": {
                                                    "unit": "em",
                                                    "size": 1.5
                                                },
                                                "typography_font_weight": "800",
                                                "typography_text_transform": "capitalize",
                                                "_padding": {
                                                    "unit": "em",
                                                    "top": "0",
                                                    "right": "0",
                                                    "bottom": "1",
                                                    "left": "0",
                                                    "isLinked": false
                                                }
                                            },
                                            "elements": [],
                                            "isInner": false,
                                            "widgetType": "heading",
                                            "elType": "widget"
                                        },
                                        {
                                            "id": "4a5fd9ac",
                                            "settings": {
                                                "title": "+1 612 222 3456",
                                                "header_size": "div",
                                                "typography_typography": "custom",
                                                "typography_font_family": "Muli",
                                                "typography_font_weight": "300"
                                            },
                                            "elements": [],
                                            "isInner": false,
                                            "widgetType": "heading",
                                            "elType": "widget"
                                        },
                                        {
                                            "id": "14080bab",
                                            "settings": {
                                                "title": "minneapolis@ourstore.com",
                                                "header_size": "div",
                                                "typography_typography": "custom",
                                                "typography_font_family": "Muli",
                                                "typography_font_weight": "300"
                                            },
                                            "elements": [],
                                            "isInner": false,
                                            "widgetType": "heading",
                                            "elType": "widget"
                                        },
                                        {
                                            "id": "125a0500",
                                            "settings": {
                                                "editor": "<p>1234 Cedar Ave.<\/p><p>Minneapolis, MN 55112<\/p>",
                                                "typography_typography": "custom",
                                                "typography_font_family": "Muli",
                                                "align": "left",
                                                "text_color": "#0f1616",
                                                "typography_font_size": {
                                                    "unit": "px",
                                                    "size": 14
                                                },
                                                "typography_line_height": {
                                                    "unit": "em",
                                                    "size": 0.90000000000000002
                                                }
                                            },
                                            "elements": [],
                                            "isInner": false,
                                            "widgetType": "text-editor",
                                            "elType": "widget"
                                        },
                                        {
                                            "id": "4a0e7971",
                                            "settings": {
                                                "editor": "<p>Monday - Saturday<br \/>10am - 8pm<\/p><p>Sundays<br \/>12pm - 4pm<\/p>",
                                                "typography_typography": "custom",
                                                "typography_font_family": "Muli",
                                                "align": "left",
                                                "text_color": "#0f1616",
                                                "typography_font_size": {
                                                    "unit": "px",
                                                    "size": 14
                                                },
                                                "typography_line_height": {
                                                    "unit": "em",
                                                    "size": 0.90000000000000002
                                                }
                                            },
                                            "elements": [],
                                            "isInner": false,
                                            "widgetType": "text-editor",
                                            "elType": "widget"
                                        },
                                        {
                                            "id": "2cec7d33",
                                            "settings": {
                                                "text": "Get Derections",
                                                "button_text_color": "#ffffff",
                                                "background_color": "#000000",
                                                "text_padding": {
                                                    "unit": "px",
                                                    "top": "15",
                                                    "right": "40",
                                                    "bottom": "15",
                                                    "left": "40",
                                                    "isLinked": false
                                                },
                                                "hover_color": "#ffffff",
                                                "button_background_hover_color": "#000000",
                                                "hover_animation": "float",
                                                "align": "left",
                                                "icon": "fa fa-map-marker",
                                                "icon_indent": {
                                                    "unit": "px",
                                                    "size": 15
                                                },
                                                "selected_icon": {
                                                    "value": "fas fa-map-marker-alt",
                                                    "library": "fa-solid"
                                                }
                                            },
                                            "elements": [],
                                            "isInner": false,
                                            "widgetType": "button",
                                            "elType": "widget"
                                        }
                                    ],
                                    "isInner": true,
                                    "elType": "column"
                                }
                            ],
                            "isInner": true,
                            "elType": "section"
                        }
                    ],
                    "isInner": false,
                    "elType": "column"
                }
            ],
            "isInner": false,
            "elType": "section"
        },
        {
            "id": "7afde157",
            "settings": {
                "background_background": "classic",
                "padding": {
                    "unit": "em",
                    "top": "4",
                    "right": "0",
                    "bottom": "4",
                    "left": "0",
                    "isLinked": false
                },
                "background_color": "#0f1616",
                "border_border": "solid",
                "border_width": {
                    "unit": "px",
                    "top": "0",
                    "right": "30",
                    "bottom": "30",
                    "left": "30",
                    "isLinked": false
                },
                "border_color": "#ffffff",
                "background_image": {
                    "url": "https:\/\/wp.envatoextensions.com\/kit-57\/wp-content\/uploads\/sites\/60\/2018\/08\/bg-4.jpg",
                    "id": 3703
                },
                "background_size": "cover",
                "background_overlay_background": "gradient",
                "background_overlay_color": "#0f1616",
                "background_overlay_color_stop": {
                    "unit": "%",
                    "size": 66
                },
                "background_overlay_color_b": "#ffffff",
                "background_overlay_color_b_stop": {
                    "unit": "%",
                    "size": 23
                },
                "background_overlay_gradient_angle": {
                    "unit": "deg",
                    "size": 140
                },
                "background_overlay_opacity": {
                    "unit": "px",
                    "size": 0.20999999999999999
                },
                "margin_tablet": {
                    "unit": "px",
                    "top": "0",
                    "right": 0,
                    "bottom": "0",
                    "left": 0,
                    "isLinked": true
                },
                "padding_tablet": {
                    "unit": "em",
                    "top": "0",
                    "right": "0",
                    "bottom": "0",
                    "left": "0",
                    "isLinked": true
                }
            },
            "elements": [
                {
                    "id": "78ce65dd",
                    "settings": {
                        "_column_size": 100,
                        "animation": "fadeInUp",
                        "animation_delay": 100,
                        "_inline_size": null,
                        "padding_mobile": {
                            "unit": "em",
                            "top": "2",
                            "right": "2",
                            "bottom": "2",
                            "left": "2",
                            "isLinked": true
                        }
                    },
                    "elements": [
                        {
                            "id": "2e79f37b",
                            "settings": {
                                "title": "Get New Product & Discount Info",
                                "align": "center",
                                "title_color": "#ffffff",
                                "typography_typography": "custom",
                                "typography_font_family": "Muli",
                                "typography_font_size": {
                                    "unit": "em",
                                    "size": 2.6000000000000001
                                },
                                "typography_font_weight": "800",
                                "typography_font_size_tablet": {
                                    "unit": "em",
                                    "size": 1.8
                                },
                                "typography_font_size_mobile": {
                                    "unit": "em",
                                    "size": 1.5
                                },
                                "typography_text_transform": "capitalize"
                            },
                            "elements": [],
                            "isInner": false,
                            "widgetType": "heading",
                            "elType": "widget"
                        },
                        {
                            "id": "24bc4fc1",
                            "settings": {
                                "editor": "<p>Nam aliquet est vel sem laoreet, eget efficitur dolor pretium. Morbi id nunc risus.<br \/>Suspendisse sed lectus nec sapien malesuada porttitor.<\/p>",
                                "align": "center",
                                "text_color": "#ffffff",
                                "typography_typography": "custom",
                                "typography_font_family": "Muli",
                                "typography_line_height": {
                                    "unit": "em",
                                    "size": 1.5
                                },
                                "typography_font_size_mobile": {
                                    "unit": "rem",
                                    "size": 0.69999999999999996
                                }
                            },
                            "elements": [],
                            "isInner": false,
                            "widgetType": "text-editor",
                            "elType": "widget"
                        },
                        {
                            "id": "69b51056",
                            "settings": {
                                "text": "Visit Our Showroom",
                                "align": "center",
                                "icon": "fa fa-map-marker",
                                "button_text_color": "#ffffff",
                                "background_color": "#f7c933",
                                "hover_color": "#ffffff",
                                "button_background_hover_color": "#000000",
                                "typography_typography": "custom",
                                "text_padding": {
                                    "unit": "px",
                                    "top": "15",
                                    "right": "40",
                                    "bottom": "15",
                                    "left": "40",
                                    "isLinked": false
                                },
                                "_margin": {
                                    "unit": "px",
                                    "top": "25",
                                    "right": "0",
                                    "bottom": "0",
                                    "left": "0",
                                    "isLinked": false
                                },
                                "icon_indent": {
                                    "unit": "px",
                                    "size": 15
                                },
                                "typography_font_family": "Muli",
                                "typography_font_weight": "bold",
                                "typography_text_transform": "uppercase",
                                "typography_letter_spacing": {
                                    "unit": "px",
                                    "size": 2
                                },
                                "hover_animation": "float",
                                "typography_font_size_mobile": {
                                    "unit": "px",
                                    "size": 10
                                },
                                "typography_line_height_mobile": {
                                    "unit": "em",
                                    "size": 1.6000000000000001
                                },
                                "text_padding_mobile": {
                                    "unit": "px",
                                    "top": "10",
                                    "right": "10",
                                    "bottom": "10",
                                    "left": "10",
                                    "isLinked": true
                                },
                                "selected_icon": {
                                    "value": "fas fa-map-marker-alt",
                                    "library": "fa-solid"
                                }
                            },
                            "elements": [],
                            "isInner": false,
                            "widgetType": "button",
                            "elType": "widget"
                        }
                    ],
                    "isInner": false,
                    "elType": "column"
                }
            ],
            "isInner": false,
            "elType": "section"
        }
    ]
}