{
    "version": "0.4",
    "title": "Home 2",
    "type": "section",
    "metadata": {
        "template_type": "section",
        "elementor_pro_required": false,
        "wp_page_template": "default"
    },
    "content": [
        {
            "id": "7ec902e9",
            "settings": {
                "custom_height": {
                    "unit": "vh",
                    "size": 60
                },
                "background_background": "classic",
                "background_image": {
                    "url": "https:\/\/wp.envatoextensions.com\/kit-57\/wp-content\/uploads\/sites\/60\/2018\/08\/pexels-photo-276534.jpeg",
                    "id": 4261
                },
                "background_position": "center left",
                "background_overlay_background": "classic",
                "background_overlay_color_b": "rgba(242,41,91,0)",
                "background_overlay_gradient_angle": {
                    "unit": "deg",
                    "size": -145
                },
                "padding": {
                    "unit": "em",
                    "top": "",
                    "right": "",
                    "bottom": "",
                    "left": "",
                    "isLinked": false
                },
                "padding_tablet": {
                    "unit": "px",
                    "top": "10",
                    "right": "30",
                    "bottom": "10",
                    "left": "30",
                    "isLinked": false
                },
                "padding_mobile": {
                    "unit": "px",
                    "top": "0",
                    "right": "15",
                    "bottom": "0",
                    "left": "15",
                    "isLinked": false
                },
                "background_size": "cover",
                "height": "min-height",
                "structure": "20",
                "shape_divider_bottom": "tilt",
                "shape_divider_bottom_color": "#ffffff",
                "shape_divider_bottom_height": {
                    "unit": "px",
                    "size": 93
                },
                "animation": "fadeIn",
                "shape_divider_bottom_height_mobile": {
                    "unit": "px",
                    "size": 35
                }
            },
            "elements": [
                {
                    "id": "21be4cda",
                    "settings": {
                        "_column_size": 50,
                        "background_background": "classic",
                        "_inline_size_mobile": 100,
                        "padding_tablet": {
                            "unit": "px",
                            "top": "0",
                            "right": "0",
                            "bottom": "0",
                            "left": "0",
                            "isLinked": true
                        },
                        "_inline_size": null,
                        "margin": {
                            "unit": "px",
                            "top": "0",
                            "right": "0",
                            "bottom": "0",
                            "left": "0",
                            "isLinked": true
                        }
                    },
                    "elements": [
                        {
                            "id": "1cb0432a",
                            "settings": {
                                "title": "We Love Furniture",
                                "align": "left",
                                "title_color": "#000000",
                                "typography_typography": "custom",
                                "typography_font_family": "Muli",
                                "typography_font_size": {
                                    "unit": "em",
                                    "size": 1.3
                                },
                                "typography_font_size_tablet": {
                                    "unit": "em",
                                    "size": ""
                                },
                                "typography_font_size_mobile": {
                                    "unit": "em",
                                    "size": 1
                                },
                                "typography_font_weight": "800",
                                "_animation": "fadeInUp",
                                "_animation_delay": 600
                            },
                            "elements": [],
                            "isInner": false,
                            "widgetType": "heading",
                            "elType": "widget"
                        },
                        {
                            "id": "d7d865c",
                            "settings": {
                                "title": "Quality Design For Your Space",
                                "align": "left",
                                "title_color": "#000000",
                                "typography_typography": "custom",
                                "typography_font_family": "Muli",
                                "typography_font_size": {
                                    "unit": "em",
                                    "size": 4
                                },
                                "typography_font_size_tablet": {
                                    "unit": "em",
                                    "size": 2.1000000000000001
                                },
                                "typography_font_size_mobile": {
                                    "unit": "em",
                                    "size": 1.8999999999999999
                                },
                                "typography_font_weight": "900",
                                "header_size": "h1",
                                "_animation": "fadeIn",
                                "_animation_delay": 500
                            },
                            "elements": [],
                            "isInner": false,
                            "widgetType": "heading",
                            "elType": "widget"
                        },
                        {
                            "id": "4637cc0c",
                            "settings": {
                                "text": "Explore Now",
                                "align": "left",
                                "button_text_color": "#ffffff",
                                "background_color": "#f7c933",
                                "hover_animation": "float",
                                "text_padding": {
                                    "unit": "px",
                                    "top": "15",
                                    "right": "40",
                                    "bottom": "15",
                                    "left": "40",
                                    "isLinked": false
                                },
                                "_margin": {
                                    "unit": "px",
                                    "top": "25",
                                    "right": "0",
                                    "bottom": "0",
                                    "left": "0",
                                    "isLinked": false
                                },
                                "icon_indent": {
                                    "unit": "px",
                                    "size": 15
                                },
                                "hover_color": "#ffffff",
                                "button_background_hover_color": "#000000",
                                "typography_typography": "custom",
                                "typography_font_family": "Muli",
                                "typography_font_weight": "bold",
                                "typography_text_transform": "uppercase",
                                "typography_letter_spacing": {
                                    "unit": "px",
                                    "size": 2
                                }
                            },
                            "elements": [],
                            "isInner": false,
                            "widgetType": "button",
                            "elType": "widget"
                        }
                    ],
                    "isInner": false,
                    "elType": "column"
                },
                {
                    "id": "7d8972f5",
                    "settings": {
                        "_column_size": 50,
                        "background_background": "classic",
                        "_inline_size_mobile": 100,
                        "padding_tablet": {
                            "unit": "px",
                            "top": "0",
                            "right": "0",
                            "bottom": "0",
                            "left": "0",
                            "isLinked": true
                        },
                        "_inline_size": null,
                        "margin": {
                            "unit": "px",
                            "top": "0",
                            "right": "0",
                            "bottom": "0",
                            "left": "0",
                            "isLinked": true
                        }
                    },
                    "elements": [],
                    "isInner": false,
                    "elType": "column"
                }
            ],
            "isInner": false,
            "elType": "section"
        },
        {
            "id": "2fd5f57a",
            "settings": {
                "padding": {
                    "unit": "em",
                    "top": "0",
                    "right": "0",
                    "bottom": "2",
                    "left": "0",
                    "isLinked": false
                },
                "padding_tablet": {
                    "unit": "px",
                    "top": "80",
                    "right": "0",
                    "bottom": "0",
                    "left": "0",
                    "isLinked": false
                },
                "padding_mobile": {
                    "unit": "em",
                    "top": "",
                    "right": "",
                    "bottom": "",
                    "left": "",
                    "isLinked": false
                },
                "background_background": "classic",
                "background_color": "rgba(255,255,255,0.51)",
                "shape_divider_top_color": "#ffffff",
                "shape_divider_top_height": {
                    "unit": "px",
                    "size": 0
                },
                "shape_divider_top_flip": "yes",
                "shape_divider_bottom_height": {
                    "unit": "px",
                    "size": 172
                },
                "shape_divider_bottom_flip": "yes"
            },
            "elements": [
                {
                    "id": "428106d7",
                    "settings": {
                        "_column_size": 100,
                        "_inline_size": null,
                        "content_position": "center",
                        "_inline_size_tablet": 100,
                        "_inline_size_mobile": 100
                    },
                    "elements": [
                        {
                            "id": "2608c46e",
                            "settings": {
                                "carousel": [
                                    {
                                        "id": 3956,
                                        "url": "https:\/\/wp.envatoextensions.com\/kit-57\/wp-content\/uploads\/sites\/60\/2018\/08\/16.png"
                                    },
                                    {
                                        "id": 3955,
                                        "url": "https:\/\/wp.envatoextensions.com\/kit-57\/wp-content\/uploads\/sites\/60\/2018\/08\/15.png"
                                    },
                                    {
                                        "id": 3954,
                                        "url": "https:\/\/wp.envatoextensions.com\/kit-57\/wp-content\/uploads\/sites\/60\/2018\/08\/14-1.png"
                                    },
                                    {
                                        "id": 3953,
                                        "url": "https:\/\/wp.envatoextensions.com\/kit-57\/wp-content\/uploads\/sites\/60\/2018\/08\/13-1.png"
                                    },
                                    {
                                        "id": 3952,
                                        "url": "https:\/\/wp.envatoextensions.com\/kit-57\/wp-content\/uploads\/sites\/60\/2018\/08\/12-1.png"
                                    },
                                    {
                                        "id": 3951,
                                        "url": "https:\/\/wp.envatoextensions.com\/kit-57\/wp-content\/uploads\/sites\/60\/2018\/08\/11-1.png"
                                    },
                                    {
                                        "id": 3950,
                                        "url": "https:\/\/wp.envatoextensions.com\/kit-57\/wp-content\/uploads\/sites\/60\/2018\/08\/10.png"
                                    },
                                    {
                                        "id": 3949,
                                        "url": "https:\/\/wp.envatoextensions.com\/kit-57\/wp-content\/uploads\/sites\/60\/2018\/08\/09-1.png"
                                    }
                                ],
                                "slides_to_show": "4",
                                "navigation": "arrows",
                                "dots_size": {
                                    "unit": "px",
                                    "size": 10
                                },
                                "dots_color": "#ededed",
                                "link_to": "custom",
                                "link": {
                                    "url": "#",
                                    "is_external": "",
                                    "nofollow": ""
                                },
                                "_animation": "fadeInUp"
                            },
                            "elements": [],
                            "isInner": false,
                            "widgetType": "image-carousel",
                            "elType": "widget"
                        }
                    ],
                    "isInner": false,
                    "elType": "column"
                }
            ],
            "isInner": false,
            "elType": "section"
        },
        {
            "id": "1217d648",
            "settings": {
                "padding": {
                    "unit": "em",
                    "top": "6",
                    "right": "0",
                    "bottom": "4",
                    "left": "0",
                    "isLinked": false
                },
                "structure": "20",
                "padding_tablet": {
                    "unit": "em",
                    "top": "1",
                    "right": "1",
                    "bottom": "1",
                    "left": "1",
                    "isLinked": true
                },
                "padding_mobile": {
                    "unit": "em",
                    "top": "",
                    "right": "",
                    "bottom": "",
                    "left": "",
                    "isLinked": false
                },
                "background_background": "classic",
                "shape_divider_top_color": "#ffffff",
                "shape_divider_top_height": {
                    "unit": "px",
                    "size": 137
                },
                "shape_divider_bottom": "tilt",
                "shape_divider_bottom_color": "#ffffff",
                "background_color": "#ffffff",
                "shape_divider_top_flip": "yes",
                "shape_divider_bottom_height": {
                    "unit": "px",
                    "size": 170
                },
                "content_width": {
                    "unit": "px",
                    "size": 1400
                }
            },
            "elements": [
                {
                    "id": "35411b",
                    "settings": {
                        "_column_size": 50,
                        "_inline_size": null,
                        "padding": {
                            "unit": "px",
                            "top": "0",
                            "right": "0",
                            "bottom": "0",
                            "left": "0",
                            "isLinked": false
                        },
                        "_inline_size_tablet": 100,
                        "_inline_size_mobile": 100,
                        "animation": "fadeInLeft",
                        "animation_delay": 100
                    },
                    "elements": [
                        {
                            "id": "30d07ed",
                            "settings": {
                                "image": {
                                    "url": "https:\/\/wp.envatoextensions.com\/kit-57\/wp-content\/uploads\/sites\/60\/2018\/08\/01-14.jpg",
                                    "id": 4061
                                },
                                "align_tablet": "left",
                                "image_border_border": "solid",
                                "image_border_width": {
                                    "unit": "px",
                                    "top": "20",
                                    "right": "20",
                                    "bottom": "20",
                                    "left": "20",
                                    "isLinked": true
                                },
                                "image_border_color": "#ffe3af",
                                "image_box_shadow_box_shadow": {
                                    "horizontal": 0,
                                    "vertical": 5,
                                    "blur": 10,
                                    "spread": 0,
                                    "color": "rgba(0,0,0,0.05)"
                                },
                                "width_tablet": {
                                    "unit": "%",
                                    "size": 100
                                }
                            },
                            "elements": [],
                            "isInner": false,
                            "widgetType": "image",
                            "elType": "widget"
                        }
                    ],
                    "isInner": false,
                    "elType": "column"
                },
                {
                    "id": "6359d737",
                    "settings": {
                        "_column_size": 50,
                        "_inline_size": null,
                        "padding": {
                            "unit": "px",
                            "top": "0",
                            "right": "50",
                            "bottom": "0",
                            "left": "0",
                            "isLinked": false
                        },
                        "_inline_size_tablet": 100,
                        "_inline_size_mobile": 100,
                        "content_position": "center",
                        "animation": "fadeInRight",
                        "animation_delay": 200,
                        "padding_mobile": {
                            "unit": "em",
                            "top": "",
                            "right": "",
                            "bottom": "",
                            "left": "",
                            "isLinked": false
                        },
                        "padding_tablet": {
                            "unit": "em",
                            "top": "2",
                            "right": "2",
                            "bottom": "2",
                            "left": "2",
                            "isLinked": true
                        }
                    },
                    "elements": [
                        {
                            "id": "4aa8cab3",
                            "settings": {
                                "title": "Round Shape Chair",
                                "header_size": "h3",
                                "align": "left",
                                "title_color": "#202020",
                                "typography_typography": "custom",
                                "typography_font_family": "Muli",
                                "typography_font_size": {
                                    "unit": "em",
                                    "size": 1.8
                                },
                                "typography_font_size_mobile": {
                                    "unit": "em",
                                    "size": 1.3
                                },
                                "typography_font_weight": "800"
                            },
                            "elements": [],
                            "isInner": false,
                            "widgetType": "heading",
                            "elType": "widget"
                        },
                        {
                            "id": "4c39efe0",
                            "settings": {
                                "weight": {
                                    "unit": "px",
                                    "size": 5
                                },
                                "color": "#fed45c",
                                "width": {
                                    "unit": "%",
                                    "size": 10
                                },
                                "align": "left",
                                "gap": {
                                    "unit": "px",
                                    "size": 0
                                },
                                "style": "double"
                            },
                            "elements": [],
                            "isInner": false,
                            "widgetType": "divider",
                            "elType": "widget"
                        },
                        {
                            "id": "3533ccf5",
                            "settings": {
                                "editor": "<p>Nam quam nunc, blandit vel, luctus pulvinar, hendrerit id, lorem. Maecenas nec odio et ante tincidunt tempus. Donec vitae sapien ut libero venenatis faucibus.<\/p>",
                                "align": "left",
                                "typography_typography": "custom",
                                "typography_font_family": "Muli",
                                "typography_line_height": {
                                    "unit": "em",
                                    "size": 1.5
                                },
                                "_margin": {
                                    "unit": "px",
                                    "top": "0",
                                    "right": "0",
                                    "bottom": "0",
                                    "left": "0",
                                    "isLinked": false
                                },
                                "text_color": "#0f1616"
                            },
                            "elements": [],
                            "isInner": false,
                            "widgetType": "text-editor",
                            "elType": "widget"
                        },
                        {
                            "id": "2e0aed02",
                            "settings": {
                                "space": {
                                    "unit": "px",
                                    "size": 20
                                }
                            },
                            "elements": [],
                            "isInner": false,
                            "widgetType": "spacer",
                            "elType": "widget"
                        },
                        {
                            "id": "7a3c211c",
                            "settings": {
                                "icon_list": [
                                    {
                                        "text": "Lorem ipsum dolor sit amet, consectetuer adipiscing elit.",
                                        "icon": "fa fa-clone",
                                        "_id": "cfc01b7",
                                        "link": {
                                            "url": "",
                                            "is_external": "",
                                            "nofollow": ""
                                        }
                                    },
                                    {
                                        "text": "Cum sociis natoque penatibus et magnis dis parturient montes. ",
                                        "icon": "fa fa-clone",
                                        "_id": "2f7e798",
                                        "link": {
                                            "url": "",
                                            "is_external": "",
                                            "nofollow": ""
                                        }
                                    },
                                    {
                                        "text": "Donec quam felis, ultricies nec, pellentesque eu, pretium quis. ",
                                        "icon": "fa fa-clone",
                                        "_id": "2ff8e51",
                                        "link": {
                                            "url": "",
                                            "is_external": "",
                                            "nofollow": ""
                                        }
                                    }
                                ],
                                "space_between": {
                                    "unit": "px",
                                    "size": 20
                                },
                                "text_indent": {
                                    "unit": "px",
                                    "size": 18
                                },
                                "icon_color": "#fed45c",
                                "icon_typography_typography": "custom",
                                "icon_typography_font_family": "Muli",
                                "icon_typography_font_weight": "300",
                                "_margin": {
                                    "unit": "%",
                                    "top": "",
                                    "right": "",
                                    "bottom": "",
                                    "left": "",
                                    "isLinked": false
                                },
                                "text_color": "#0f1616"
                            },
                            "elements": [],
                            "isInner": false,
                            "widgetType": "icon-list",
                            "elType": "widget"
                        }
                    ],
                    "isInner": false,
                    "elType": "column"
                }
            ],
            "isInner": false,
            "elType": "section"
        },
        {
            "id": "141979a5",
            "settings": {
                "padding": {
                    "unit": "em",
                    "top": "6",
                    "right": "0",
                    "bottom": "4",
                    "left": "0",
                    "isLinked": false
                },
                "structure": "20",
                "padding_tablet": {
                    "unit": "em",
                    "top": "1",
                    "right": "1",
                    "bottom": "1",
                    "left": "1",
                    "isLinked": true
                },
                "padding_mobile": {
                    "unit": "px",
                    "top": "0",
                    "right": "15",
                    "bottom": "200",
                    "left": "15",
                    "isLinked": false
                },
                "reverse_order_mobile": "reverse-mobile",
                "background_background": "classic",
                "background_color": "#ffffff",
                "shape_divider_top_color": "#ffffff",
                "shape_divider_top_height": {
                    "unit": "px",
                    "size": 170
                },
                "shape_divider_bottom": "tilt",
                "shape_divider_bottom_color": "rgba(208,215,221,0.2)",
                "shape_divider_bottom_height": {
                    "unit": "px",
                    "size": 170
                },
                "shape_divider_bottom_flip": "yes",
                "content_width": {
                    "unit": "px",
                    "size": 1400
                },
                "reverse_order_tablet": "reverse-tablet"
            },
            "elements": [
                {
                    "id": "5a6fc4a2",
                    "settings": {
                        "_column_size": 50,
                        "_inline_size": null,
                        "padding": {
                            "unit": "px",
                            "top": "0",
                            "right": "0",
                            "bottom": "0",
                            "left": "130",
                            "isLinked": false
                        },
                        "_inline_size_tablet": 100,
                        "_inline_size_mobile": 100,
                        "content_position": "center",
                        "padding_tablet": {
                            "unit": "em",
                            "top": "2",
                            "right": "2",
                            "bottom": "2",
                            "left": "2",
                            "isLinked": true
                        },
                        "animation": "fadeInLeft",
                        "animation_delay": 100,
                        "padding_mobile": {
                            "unit": "em",
                            "top": "",
                            "right": "",
                            "bottom": "",
                            "left": "",
                            "isLinked": false
                        }
                    },
                    "elements": [
                        {
                            "id": "54efeb58",
                            "settings": {
                                "title": "Modern Book Shelf",
                                "header_size": "h3",
                                "align": "left",
                                "title_color": "#202020",
                                "typography_typography": "custom",
                                "typography_font_family": "Muli",
                                "typography_font_size": {
                                    "unit": "em",
                                    "size": 1.8
                                },
                                "typography_font_size_mobile": {
                                    "unit": "em",
                                    "size": 1.3
                                },
                                "typography_font_weight": "800"
                            },
                            "elements": [],
                            "isInner": false,
                            "widgetType": "heading",
                            "elType": "widget"
                        },
                        {
                            "id": "2c890ca1",
                            "settings": {
                                "weight": {
                                    "unit": "px",
                                    "size": 5
                                },
                                "color": "#fed45c",
                                "width": {
                                    "unit": "%",
                                    "size": 10
                                },
                                "align": "left",
                                "gap": {
                                    "unit": "px",
                                    "size": 0
                                },
                                "style": "double"
                            },
                            "elements": [],
                            "isInner": false,
                            "widgetType": "divider",
                            "elType": "widget"
                        },
                        {
                            "id": "601a2613",
                            "settings": {
                                "editor": "<p>Vestibulum ante ipsum primis in faucibus orci luctus et ultrices posuere cubilia Curae; Sed aliquam, nisi quis porttitor congue, elit erat euismod placerat dolor lectus.<\/p>",
                                "align": "left",
                                "typography_typography": "custom",
                                "typography_font_family": "Muli",
                                "typography_line_height": {
                                    "unit": "em",
                                    "size": 1.5
                                },
                                "_margin": {
                                    "unit": "px",
                                    "top": "0",
                                    "right": "0",
                                    "bottom": "0",
                                    "left": "0",
                                    "isLinked": false
                                },
                                "text_color": "#0f1616"
                            },
                            "elements": [],
                            "isInner": false,
                            "widgetType": "text-editor",
                            "elType": "widget"
                        },
                        {
                            "id": "4f236da0",
                            "settings": {
                                "space": {
                                    "unit": "px",
                                    "size": 20
                                }
                            },
                            "elements": [],
                            "isInner": false,
                            "widgetType": "spacer",
                            "elType": "widget"
                        },
                        {
                            "id": "348ae17a",
                            "settings": {
                                "icon_list": [
                                    {
                                        "text": "Vivamus elementum semper nisi. Aenean vulputate eleifend. ",
                                        "icon": "fa fa-clone",
                                        "_id": "cfc01b7",
                                        "link": {
                                            "url": "",
                                            "is_external": "",
                                            "nofollow": ""
                                        }
                                    },
                                    {
                                        "text": "Aenean leo ligula, porttitor eu, consequat vitae, eleifend enim.",
                                        "icon": "fa fa-clone",
                                        "_id": "2f7e798",
                                        "link": {
                                            "url": "",
                                            "is_external": "",
                                            "nofollow": ""
                                        }
                                    },
                                    {
                                        "text": "Aliquam lorem ante, dapibus in, viverra quis, feugiat a, tellus. ",
                                        "icon": "fa fa-clone",
                                        "_id": "2ff8e51",
                                        "link": {
                                            "url": "",
                                            "is_external": "",
                                            "nofollow": ""
                                        }
                                    }
                                ],
                                "space_between": {
                                    "unit": "px",
                                    "size": 20
                                },
                                "text_indent": {
                                    "unit": "px",
                                    "size": 18
                                },
                                "icon_color": "#fed45c",
                                "icon_typography_typography": "custom",
                                "icon_typography_font_family": "Muli",
                                "icon_typography_font_weight": "300",
                                "_margin": {
                                    "unit": "%",
                                    "top": "",
                                    "right": "",
                                    "bottom": "",
                                    "left": "",
                                    "isLinked": false
                                },
                                "text_color": "#0f1616"
                            },
                            "elements": [],
                            "isInner": false,
                            "widgetType": "icon-list",
                            "elType": "widget"
                        }
                    ],
                    "isInner": false,
                    "elType": "column"
                },
                {
                    "id": "18f8afae",
                    "settings": {
                        "_column_size": 50,
                        "_inline_size": null,
                        "padding": {
                            "unit": "px",
                            "top": "0",
                            "right": "0",
                            "bottom": "0",
                            "left": "0",
                            "isLinked": false
                        },
                        "_inline_size_tablet": 100,
                        "_inline_size_mobile": 100,
                        "padding_tablet": {
                            "unit": "px",
                            "top": "40",
                            "right": "0",
                            "bottom": "0",
                            "left": "0",
                            "isLinked": false
                        },
                        "padding_mobile": {
                            "unit": "px",
                            "top": "0",
                            "right": "0",
                            "bottom": "0",
                            "left": "0",
                            "isLinked": false
                        },
                        "animation": "fadeInRight",
                        "animation_delay": 200
                    },
                    "elements": [
                        {
                            "id": "15cbaf21",
                            "settings": {
                                "image": {
                                    "url": "https:\/\/wp.envatoextensions.com\/kit-57\/wp-content\/uploads\/sites\/60\/2018\/08\/02-13.jpg",
                                    "id": 4062
                                },
                                "align_tablet": "left",
                                "image_border_border": "solid",
                                "image_border_width": {
                                    "unit": "px",
                                    "top": "20",
                                    "right": "20",
                                    "bottom": "20",
                                    "left": "20",
                                    "isLinked": true
                                },
                                "image_border_color": "#ffe3af",
                                "image_box_shadow_box_shadow": {
                                    "horizontal": 0,
                                    "vertical": 5,
                                    "blur": 10,
                                    "spread": 0,
                                    "color": "rgba(0,0,0,0.05)"
                                },
                                "width_tablet": {
                                    "unit": "%",
                                    "size": 99
                                }
                            },
                            "elements": [],
                            "isInner": false,
                            "widgetType": "image",
                            "elType": "widget"
                        }
                    ],
                    "isInner": false,
                    "elType": "column"
                }
            ],
            "isInner": false,
            "elType": "section"
        },
        {
            "id": "7405e838",
            "settings": {
                "padding": {
                    "unit": "px",
                    "top": "50",
                    "right": "0",
                    "bottom": "250",
                    "left": "0",
                    "isLinked": false
                },
                "structure": "20",
                "padding_tablet": {
                    "unit": "px",
                    "top": "30",
                    "right": "30",
                    "bottom": "250",
                    "left": "30",
                    "isLinked": false
                },
                "padding_mobile": {
                    "unit": "px",
                    "top": "20",
                    "right": "15",
                    "bottom": "220",
                    "left": "15",
                    "isLinked": false
                },
                "shape_divider_bottom": "tilt",
                "shape_divider_bottom_color": "#ffffff",
                "background_background": "classic",
                "background_color": "rgba(208,215,221,0.2)",
                "shape_divider_bottom_height": {
                    "unit": "px",
                    "size": 170
                },
                "content_width": {
                    "unit": "px",
                    "size": 1400
                },
                "shape_divider_top_flip": "yes"
            },
            "elements": [
                {
                    "id": "62bea1f0",
                    "settings": {
                        "_column_size": 50,
                        "_inline_size": null,
                        "padding": {
                            "unit": "px",
                            "top": "0",
                            "right": "0",
                            "bottom": "0",
                            "left": "0",
                            "isLinked": false
                        },
                        "_inline_size_tablet": 100,
                        "_inline_size_mobile": 100,
                        "animation": "fadeInLeft",
                        "animation_delay": 100
                    },
                    "elements": [
                        {
                            "id": "5708aa38",
                            "settings": {
                                "image": {
                                    "url": "https:\/\/wp.envatoextensions.com\/kit-57\/wp-content\/uploads\/sites\/60\/2018\/08\/03-14.jpg",
                                    "id": 4063
                                },
                                "align_tablet": "left",
                                "image_border_border": "solid",
                                "image_border_width": {
                                    "unit": "px",
                                    "top": "20",
                                    "right": "20",
                                    "bottom": "20",
                                    "left": "20",
                                    "isLinked": true
                                },
                                "image_border_color": "#ffe8af",
                                "image_box_shadow_box_shadow": {
                                    "horizontal": 0,
                                    "vertical": 5,
                                    "blur": 10,
                                    "spread": 0,
                                    "color": "rgba(0,0,0,0.05)"
                                },
                                "width_tablet": {
                                    "unit": "%",
                                    "size": 100
                                }
                            },
                            "elements": [],
                            "isInner": false,
                            "widgetType": "image",
                            "elType": "widget"
                        }
                    ],
                    "isInner": false,
                    "elType": "column"
                },
                {
                    "id": "41319bd9",
                    "settings": {
                        "_column_size": 50,
                        "_inline_size": null,
                        "padding": {
                            "unit": "px",
                            "top": "0",
                            "right": "50",
                            "bottom": "0",
                            "left": "0",
                            "isLinked": false
                        },
                        "_inline_size_tablet": 100,
                        "_inline_size_mobile": 100,
                        "content_position": "center",
                        "animation": "fadeInRight",
                        "animation_delay": 200,
                        "padding_mobile": {
                            "unit": "em",
                            "top": "",
                            "right": "",
                            "bottom": "",
                            "left": "",
                            "isLinked": false
                        },
                        "padding_tablet": {
                            "unit": "em",
                            "top": "2",
                            "right": "2",
                            "bottom": "2",
                            "left": "2",
                            "isLinked": true
                        }
                    },
                    "elements": [
                        {
                            "id": "4ff5dbbc",
                            "settings": {
                                "gap": "no",
                                "structure": "20",
                                "margin": {
                                    "unit": "px",
                                    "top": "0",
                                    "right": 0,
                                    "bottom": "20",
                                    "left": 0,
                                    "isLinked": false
                                }
                            },
                            "elements": [
                                {
                                    "id": "61d5b947",
                                    "settings": {
                                        "_column_size": 50,
                                        "_inline_size": 45.384999999999998
                                    },
                                    "elements": [
                                        {
                                            "id": "14466146",
                                            "settings": {
                                                "title": "Round Foam Chair",
                                                "header_size": "h3",
                                                "align": "left",
                                                "title_color": "#202020",
                                                "typography_typography": "custom",
                                                "typography_font_family": "Muli",
                                                "typography_font_size": {
                                                    "unit": "em",
                                                    "size": 1.8
                                                },
                                                "typography_font_size_mobile": {
                                                    "unit": "em",
                                                    "size": 1.3
                                                },
                                                "typography_font_weight": "800"
                                            },
                                            "elements": [],
                                            "isInner": false,
                                            "widgetType": "heading",
                                            "elType": "widget"
                                        }
                                    ],
                                    "isInner": true,
                                    "elType": "column"
                                },
                                {
                                    "id": "14a05e52",
                                    "settings": {
                                        "_column_size": 50,
                                        "_inline_size": 54.615000000000002
                                    },
                                    "elements": [
                                        {
                                            "id": "937b4b9",
                                            "settings": {
                                                "text": "Hot Item",
                                                "icon": "fa fa-star",
                                                "icon_indent": {
                                                    "unit": "px",
                                                    "size": 10
                                                },
                                                "typography_typography": "custom",
                                                "typography_font_family": "Muli",
                                                "typography_font_size": {
                                                    "unit": "rem",
                                                    "size": 0.69999999999999996
                                                },
                                                "typography_font_weight": "bold",
                                                "typography_text_transform": "uppercase",
                                                "typography_line_height": {
                                                    "unit": "em",
                                                    "size": 1.3
                                                },
                                                "typography_letter_spacing": {
                                                    "unit": "px",
                                                    "size": 1
                                                },
                                                "background_color": "#ffca59",
                                                "text_padding": {
                                                    "unit": "px",
                                                    "top": "5",
                                                    "right": "5",
                                                    "bottom": "5",
                                                    "left": "5",
                                                    "isLinked": true
                                                },
                                                "selected_icon": {
                                                    "value": "fas fa-star",
                                                    "library": "fa-solid"
                                                }
                                            },
                                            "elements": [],
                                            "isInner": false,
                                            "widgetType": "button",
                                            "elType": "widget"
                                        }
                                    ],
                                    "isInner": true,
                                    "elType": "column"
                                }
                            ],
                            "isInner": true,
                            "elType": "section"
                        },
                        {
                            "id": "1b559fbc",
                            "settings": {
                                "weight": {
                                    "unit": "px",
                                    "size": 5
                                },
                                "color": "#fed45c",
                                "width": {
                                    "unit": "%",
                                    "size": 10
                                },
                                "align": "left",
                                "gap": {
                                    "unit": "px",
                                    "size": 0
                                },
                                "style": "double"
                            },
                            "elements": [],
                            "isInner": false,
                            "widgetType": "divider",
                            "elType": "widget"
                        },
                        {
                            "id": "222fc7c5",
                            "settings": {
                                "editor": "<p>Aenean tellus metus, bibendum sed, posuere ac, mattis non, nunc. Vestibulum fringilla pede sit amet augue. In turpis. Pellentesque posuere.\u00a0Praesent turpis. Aenean posuere.<\/p>",
                                "align": "left",
                                "typography_typography": "custom",
                                "typography_font_family": "Muli",
                                "typography_line_height": {
                                    "unit": "em",
                                    "size": 1.5
                                },
                                "_margin": {
                                    "unit": "px",
                                    "top": "0",
                                    "right": "0",
                                    "bottom": "0",
                                    "left": "0",
                                    "isLinked": false
                                },
                                "text_color": "#0f1616"
                            },
                            "elements": [],
                            "isInner": false,
                            "widgetType": "text-editor",
                            "elType": "widget"
                        },
                        {
                            "id": "35d3fb69",
                            "settings": {
                                "space": {
                                    "unit": "px",
                                    "size": 20
                                }
                            },
                            "elements": [],
                            "isInner": false,
                            "widgetType": "spacer",
                            "elType": "widget"
                        },
                        {
                            "id": "1f6de01e",
                            "settings": {
                                "icon_list": [
                                    {
                                        "text": "Phasellus viverra nulla ut metus varius laoreet. Quisque rutrum. ",
                                        "icon": "fa fa-clone",
                                        "_id": "cfc01b7",
                                        "link": {
                                            "url": "",
                                            "is_external": "",
                                            "nofollow": ""
                                        }
                                    },
                                    {
                                        "text": "Aenean imperdiet. Etiam ultricies nisi vel augue. Curabitur ullamcorper .",
                                        "icon": "fa fa-clone",
                                        "_id": "2f7e798",
                                        "link": {
                                            "url": "",
                                            "is_external": "",
                                            "nofollow": ""
                                        }
                                    },
                                    {
                                        "text": "Nam eget dui. Etiam rhoncus. Maecenas tempus, tellus condimentum. ",
                                        "icon": "fa fa-clone",
                                        "_id": "2ff8e51",
                                        "link": {
                                            "url": "",
                                            "is_external": "",
                                            "nofollow": ""
                                        }
                                    }
                                ],
                                "space_between": {
                                    "unit": "px",
                                    "size": 20
                                },
                                "text_indent": {
                                    "unit": "px",
                                    "size": 18
                                },
                                "icon_color": "#fed45c",
                                "icon_typography_typography": "custom",
                                "icon_typography_font_family": "Muli",
                                "icon_typography_font_weight": "300",
                                "_margin": {
                                    "unit": "%",
                                    "top": "",
                                    "right": "",
                                    "bottom": "",
                                    "left": "",
                                    "isLinked": false
                                },
                                "text_color": "#0f1616"
                            },
                            "elements": [],
                            "isInner": false,
                            "widgetType": "icon-list",
                            "elType": "widget"
                        }
                    ],
                    "isInner": false,
                    "elType": "column"
                }
            ],
            "isInner": false,
            "elType": "section"
        },
        {
            "id": "755c5b08",
            "settings": {
                "padding": {
                    "unit": "em",
                    "top": "",
                    "right": "",
                    "bottom": "",
                    "left": "",
                    "isLinked": false
                },
                "structure": "20",
                "padding_tablet": {
                    "unit": "%",
                    "top": "4",
                    "right": "4",
                    "bottom": "4",
                    "left": "4",
                    "isLinked": true
                },
                "padding_mobile": {
                    "unit": "em",
                    "top": "",
                    "right": "",
                    "bottom": "",
                    "left": "",
                    "isLinked": false
                },
                "reverse_order_mobile": "reverse-mobile",
                "background_background": "classic",
                "shape_divider_top_height": {
                    "unit": "px",
                    "size": 170
                },
                "shape_divider_top_flip": "yes",
                "shape_divider_bottom": "tilt",
                "shape_divider_bottom_color": "rgba(255,255,255,0.2)",
                "shape_divider_bottom_height": {
                    "unit": "px",
                    "size": 170
                },
                "shape_divider_bottom_flip": "yes",
                "content_width": {
                    "unit": "px",
                    "size": 1400
                },
                "margin": {
                    "unit": "%",
                    "top": "-6",
                    "right": 0,
                    "bottom": "0",
                    "left": 0,
                    "isLinked": false
                }
            },
            "elements": [
                {
                    "id": "33e66153",
                    "settings": {
                        "_column_size": 50,
                        "_inline_size": null,
                        "padding": {
                            "unit": "px",
                            "top": "0",
                            "right": "0",
                            "bottom": "0",
                            "left": "130",
                            "isLinked": false
                        },
                        "_inline_size_tablet": 100,
                        "_inline_size_mobile": 100,
                        "content_position": "center",
                        "padding_tablet": {
                            "unit": "px",
                            "top": "0",
                            "right": "0",
                            "bottom": "0",
                            "left": "0",
                            "isLinked": false
                        },
                        "animation": "fadeInLeft",
                        "animation_delay": 100,
                        "padding_mobile": {
                            "unit": "px",
                            "top": "30",
                            "right": "0",
                            "bottom": "0",
                            "left": "0",
                            "isLinked": false
                        }
                    },
                    "elements": [
                        {
                            "id": "89c29ed",
                            "settings": {
                                "title": "Browse Categories",
                                "header_size": "h3",
                                "align": "left",
                                "title_color": "#202020",
                                "typography_typography": "custom",
                                "typography_font_family": "Muli",
                                "typography_font_size": {
                                    "unit": "em",
                                    "size": 1.8
                                },
                                "typography_font_size_mobile": {
                                    "unit": "em",
                                    "size": 1.3
                                },
                                "typography_font_weight": "800"
                            },
                            "elements": [],
                            "isInner": false,
                            "widgetType": "heading",
                            "elType": "widget"
                        },
                        {
                            "id": "68bc6645",
                            "settings": {
                                "weight": {
                                    "unit": "px",
                                    "size": 5
                                },
                                "color": "#fed45c",
                                "width": {
                                    "unit": "%",
                                    "size": 10
                                },
                                "align": "left",
                                "gap": {
                                    "unit": "px",
                                    "size": 0
                                },
                                "style": "double",
                                "align_tablet": "left"
                            },
                            "elements": [],
                            "isInner": false,
                            "widgetType": "divider",
                            "elType": "widget"
                        },
                        {
                            "id": "4b9cd45a",
                            "settings": {
                                "structure": "20",
                                "gap": "no"
                            },
                            "elements": [
                                {
                                    "id": "54691f3b",
                                    "settings": {
                                        "_column_size": 50,
                                        "_inline_size": null
                                    },
                                    "elements": [
                                        {
                                            "id": "3a2e8cf5",
                                            "settings": {
                                                "icon_list": [
                                                    {
                                                        "text": "Sofas",
                                                        "icon": "fa fa-angle-right",
                                                        "_id": "428f1eb",
                                                        "link": {
                                                            "url": "",
                                                            "is_external": "",
                                                            "nofollow": ""
                                                        }
                                                    },
                                                    {
                                                        "text": "Sectionals",
                                                        "icon": "fa fa-angle-right",
                                                        "_id": "d330d2b",
                                                        "link": {
                                                            "url": "",
                                                            "is_external": "",
                                                            "nofollow": ""
                                                        }
                                                    },
                                                    {
                                                        "text": "Accent Chairs",
                                                        "icon": "fa fa-angle-right",
                                                        "_id": "09cd2ee",
                                                        "link": {
                                                            "url": "",
                                                            "is_external": "",
                                                            "nofollow": ""
                                                        }
                                                    },
                                                    {
                                                        "text": "Coffee Tables",
                                                        "icon": "fa fa-angle-right",
                                                        "_id": "87911d5",
                                                        "link": {
                                                            "url": "",
                                                            "is_external": "",
                                                            "nofollow": ""
                                                        }
                                                    }
                                                ],
                                                "space_between": {
                                                    "unit": "px",
                                                    "size": 30
                                                },
                                                "icon_align": "left",
                                                "divider": "yes",
                                                "divider_width": {
                                                    "unit": "%",
                                                    "size": 51
                                                },
                                                "divider_color": "#f7f7f7",
                                                "icon_color": "#ffe8af",
                                                "icon_size": {
                                                    "unit": "px",
                                                    "size": 13
                                                },
                                                "text_color": "#191919",
                                                "text_indent": {
                                                    "unit": "px",
                                                    "size": 22
                                                },
                                                "icon_typography_typography": "custom",
                                                "icon_typography_font_family": "Muli",
                                                "icon_typography_font_weight": "bold"
                                            },
                                            "elements": [],
                                            "isInner": false,
                                            "widgetType": "icon-list",
                                            "elType": "widget"
                                        }
                                    ],
                                    "isInner": true,
                                    "elType": "column"
                                },
                                {
                                    "id": "8669f42",
                                    "settings": {
                                        "_column_size": 50,
                                        "_inline_size": null
                                    },
                                    "elements": [
                                        {
                                            "id": "12a6a1ca",
                                            "settings": {
                                                "icon_list": [
                                                    {
                                                        "text": " Loveseats & Settees",
                                                        "icon": "fa fa-angle-right",
                                                        "_id": "8ad4720",
                                                        "link": {
                                                            "url": "",
                                                            "is_external": "",
                                                            "nofollow": ""
                                                        }
                                                    },
                                                    {
                                                        "text": " End & Side Tables",
                                                        "icon": "fa fa-angle-right",
                                                        "_id": "3c6549b",
                                                        "link": {
                                                            "url": "",
                                                            "is_external": "",
                                                            "nofollow": ""
                                                        }
                                                    },
                                                    {
                                                        "text": "Bookcases & Bookshelves",
                                                        "icon": "fa fa-angle-right",
                                                        "link": {
                                                            "url": "",
                                                            "is_external": "",
                                                            "nofollow": ""
                                                        },
                                                        "_id": "3480d90"
                                                    },
                                                    {
                                                        "text": "Lounge Chairs",
                                                        "icon": "fa fa-angle-right",
                                                        "link": {
                                                            "url": "",
                                                            "is_external": "",
                                                            "nofollow": ""
                                                        },
                                                        "_id": "7d1ded1"
                                                    }
                                                ],
                                                "space_between": {
                                                    "unit": "px",
                                                    "size": 30
                                                },
                                                "icon_align": "left",
                                                "divider": "yes",
                                                "divider_width": {
                                                    "unit": "%",
                                                    "size": 51
                                                },
                                                "divider_color": "#f7f7f7",
                                                "icon_color": "#ffe8af",
                                                "icon_size": {
                                                    "unit": "px",
                                                    "size": 13
                                                },
                                                "text_color": "#191919",
                                                "text_indent": {
                                                    "unit": "px",
                                                    "size": 22
                                                },
                                                "icon_typography_typography": "custom",
                                                "icon_typography_font_family": "Muli",
                                                "icon_typography_font_weight": "bold"
                                            },
                                            "elements": [],
                                            "isInner": false,
                                            "widgetType": "icon-list",
                                            "elType": "widget"
                                        }
                                    ],
                                    "isInner": true,
                                    "elType": "column"
                                }
                            ],
                            "isInner": true,
                            "elType": "section"
                        },
                        {
                            "id": "321a10ca",
                            "settings": {
                                "space": {
                                    "unit": "px",
                                    "size": 20
                                }
                            },
                            "elements": [],
                            "isInner": false,
                            "widgetType": "spacer",
                            "elType": "widget"
                        }
                    ],
                    "isInner": false,
                    "elType": "column"
                },
                {
                    "id": "ab1b3a9",
                    "settings": {
                        "_column_size": 50,
                        "_inline_size": null,
                        "padding": {
                            "unit": "px",
                            "top": "0",
                            "right": "0",
                            "bottom": "0",
                            "left": "0",
                            "isLinked": false
                        },
                        "_inline_size_tablet": 100,
                        "_inline_size_mobile": 100,
                        "padding_tablet": {
                            "unit": "px",
                            "top": "40",
                            "right": "0",
                            "bottom": "0",
                            "left": "0",
                            "isLinked": false
                        },
                        "padding_mobile": {
                            "unit": "px",
                            "top": "0",
                            "right": "0",
                            "bottom": "0",
                            "left": "0",
                            "isLinked": false
                        },
                        "animation": "fadeInRight",
                        "animation_delay": 200
                    },
                    "elements": [
                        {
                            "id": "4435b7d7",
                            "settings": {
                                "image": {
                                    "url": "https:\/\/wp.envatoextensions.com\/kit-57\/wp-content\/uploads\/sites\/60\/2018\/08\/04-11.jpg",
                                    "id": 4064
                                },
                                "align_tablet": "left",
                                "image_border_border": "solid",
                                "image_border_width": {
                                    "unit": "px",
                                    "top": "20",
                                    "right": "20",
                                    "bottom": "20",
                                    "left": "20",
                                    "isLinked": true
                                },
                                "image_border_color": "#ffe3af",
                                "image_box_shadow_box_shadow": {
                                    "horizontal": 0,
                                    "vertical": 5,
                                    "blur": 10,
                                    "spread": 0,
                                    "color": "rgba(0,0,0,0.05)"
                                },
                                "width_tablet": {
                                    "unit": "%",
                                    "size": 100
                                }
                            },
                            "elements": [],
                            "isInner": false,
                            "widgetType": "image",
                            "elType": "widget"
                        }
                    ],
                    "isInner": false,
                    "elType": "column"
                }
            ],
            "isInner": false,
            "elType": "section"
        },
        {
            "id": "64040924",
            "settings": {
                "padding": {
                    "unit": "em",
                    "top": "8",
                    "right": "0",
                    "bottom": "0",
                    "left": "0",
                    "isLinked": false
                },
                "padding_mobile": {
                    "unit": "px",
                    "top": "0",
                    "right": "15",
                    "bottom": "0",
                    "left": "15",
                    "isLinked": false
                },
                "shape_divider_bottom_color": "#f9f9f9",
                "background_background": "classic",
                "background_color": "rgba(255,255,255,0.2)",
                "content_width": {
                    "unit": "px",
                    "size": 760
                }
            },
            "elements": [
                {
                    "id": "b9b2d2f",
                    "settings": {
                        "_column_size": 100,
                        "_inline_size_tablet": 100
                    },
                    "elements": [
                        {
                            "id": "5eb4baf9",
                            "settings": {
                                "title": "Commissions",
                                "header_size": "h1",
                                "align": "center",
                                "title_color": "#000000",
                                "typography_typography": "custom",
                                "typography_font_family": "Muli",
                                "typography_font_size": {
                                    "unit": "em",
                                    "size": 2.6000000000000001
                                },
                                "typography_font_size_mobile": {
                                    "unit": "em",
                                    "size": 1.5
                                },
                                "typography_font_weight": "800",
                                "typography_font_size_tablet": {
                                    "unit": "em",
                                    "size": 1.8
                                },
                                "typography_text_transform": "capitalize"
                            },
                            "elements": [],
                            "isInner": false,
                            "widgetType": "heading",
                            "elType": "widget"
                        },
                        {
                            "id": "44d90d24",
                            "settings": {
                                "weight": {
                                    "unit": "px",
                                    "size": 5
                                },
                                "color": "#fed45c",
                                "width": {
                                    "unit": "%",
                                    "size": 12
                                },
                                "align": "center",
                                "gap": {
                                    "unit": "px",
                                    "size": 0
                                },
                                "style": "double"
                            },
                            "elements": [],
                            "isInner": false,
                            "widgetType": "divider",
                            "elType": "widget"
                        },
                        {
                            "id": "38711094",
                            "settings": {
                                "editor": "<p>Lorem ipsum dolor sit amet, consectetuer adipiscing elit. Aenean commodo ligula eget dolor. Aenean massa. Cum sociis natoque penatibus et magnis dis parturient montes, nascetur ridiculus mus.<\/p>",
                                "align": "center",
                                "typography_typography": "custom",
                                "typography_font_family": "Muli",
                                "typography_line_height": {
                                    "unit": "em",
                                    "size": 1.5
                                },
                                "typography_font_size": {
                                    "unit": "rem",
                                    "size": 1
                                },
                                "_margin": {
                                    "unit": "px",
                                    "top": "0",
                                    "right": "0",
                                    "bottom": "0",
                                    "left": "0",
                                    "isLinked": false
                                }
                            },
                            "elements": [],
                            "isInner": false,
                            "widgetType": "text-editor",
                            "elType": "widget"
                        }
                    ],
                    "isInner": false,
                    "elType": "column"
                }
            ],
            "isInner": false,
            "elType": "section"
        },
        {
            "id": "96ff97a",
            "settings": {
                "background_background": "classic",
                "background_color": "#f6f7f8",
                "padding": {
                    "unit": "em",
                    "top": "0",
                    "right": "0",
                    "bottom": "0",
                    "left": "0",
                    "isLinked": false
                },
                "padding_tablet": {
                    "unit": "em",
                    "top": "",
                    "right": "",
                    "bottom": "",
                    "left": "",
                    "isLinked": false
                },
                "padding_mobile": {
                    "unit": "em",
                    "top": "",
                    "right": "",
                    "bottom": "",
                    "left": "",
                    "isLinked": false
                },
                "shape_divider_top": "tilt",
                "shape_divider_top_height": {
                    "unit": "px",
                    "size": 91
                },
                "shape_divider_bottom": "tilt",
                "shape_divider_bottom_color": "#0f1616",
                "shape_divider_top_color": "#ffffff",
                "shape_divider_bottom_flip": "yes",
                "stretch_section": "section-stretched",
                "layout": "full_width",
                "gap": "no",
                "shape_divider_top_above_content": "yes",
                "shape_divider_bottom_height": {
                    "unit": "px",
                    "size": 69
                },
                "shape_divider_bottom_above_content": "yes",
                "margin": {
                    "unit": "px",
                    "top": "0",
                    "right": 0,
                    "bottom": "0",
                    "left": 0,
                    "isLinked": false
                }
            },
            "elements": [
                {
                    "id": "65ea6958",
                    "settings": {
                        "_column_size": 100,
                        "_inline_size_tablet": 100,
                        "_inline_size_mobile": 100
                    },
                    "elements": [
                        {
                            "id": "72b5d57",
                            "settings": {
                                "carousel": [
                                    {
                                        "id": 4288,
                                        "url": "https:\/\/wp.envatoextensions.com\/kit-57\/wp-content\/uploads\/sites\/60\/2018\/09\/apartment-architecture-beautiful-261426.jpg"
                                    },
                                    {
                                        "id": 4290,
                                        "url": "https:\/\/wp.envatoextensions.com\/kit-57\/wp-content\/uploads\/sites\/60\/2018\/09\/chairs-coffee-table-comfortable-276746.jpg"
                                    },
                                    {
                                        "id": 4295,
                                        "url": "https:\/\/wp.envatoextensions.com\/kit-57\/wp-content\/uploads\/sites\/60\/2018\/09\/pexels-photo-276583.jpeg"
                                    },
                                    {
                                        "id": 4296,
                                        "url": "https:\/\/wp.envatoextensions.com\/kit-57\/wp-content\/uploads\/sites\/60\/2018\/09\/pexels-photo-707196.jpeg"
                                    },
                                    {
                                        "id": 1059,
                                        "url": "https:\/\/wp.envatoextensions.com\/kit-57\/wp-content\/uploads\/sites\/60\/2018\/08\/02-2.jpg"
                                    },
                                    {
                                        "id": 4297,
                                        "url": "https:\/\/wp.envatoextensions.com\/kit-57\/wp-content\/uploads\/sites\/60\/2018\/09\/pexels-photo-923192.jpeg"
                                    }
                                ],
                                "thumbnail_size": "custom",
                                "thumbnail_custom_dimension": {
                                    "width": "1280",
                                    "height": "800"
                                },
                                "slides_to_show": "1",
                                "slides_to_scroll": "1",
                                "navigation": "arrows",
                                "effect": "fade",
                                "_margin": {
                                    "unit": "px",
                                    "top": "0",
                                    "right": "0",
                                    "bottom": "-20",
                                    "left": "0",
                                    "isLinked": false
                                },
                                "_padding": {
                                    "unit": "em",
                                    "top": "0",
                                    "right": "0",
                                    "bottom": "0",
                                    "left": "0",
                                    "isLinked": false
                                }
                            },
                            "elements": [],
                            "isInner": false,
                            "widgetType": "image-carousel",
                            "elType": "widget"
                        }
                    ],
                    "isInner": false,
                    "elType": "column"
                }
            ],
            "isInner": false,
            "elType": "section"
        },
        {
            "id": "3c4c9e72",
            "settings": {
                "background_background": "classic",
                "background_color": "#0f1616",
                "padding": {
                    "unit": "em",
                    "top": "2",
                    "right": "0",
                    "bottom": "2",
                    "left": "0",
                    "isLinked": false
                },
                "structure": "20",
                "padding_tablet": {
                    "unit": "em",
                    "top": "1",
                    "right": "1",
                    "bottom": "1",
                    "left": "1",
                    "isLinked": true
                }
            },
            "elements": [
                {
                    "id": "35432e25",
                    "settings": {
                        "_column_size": 50,
                        "_inline_size": 66,
                        "_inline_size_mobile": 100,
                        "animation": "fadeIn",
                        "animation_delay": 200,
                        "_inline_size_tablet": 50
                    },
                    "elements": [
                        {
                            "id": "24fce3f5",
                            "settings": {
                                "title": "Sofas &amp; Sectionals",
                                "align": "left",
                                "title_color": "#ffffff",
                                "typography_typography": "custom",
                                "typography_font_family": "Muli",
                                "typography_font_size": {
                                    "unit": "em",
                                    "size": 2.6000000000000001
                                },
                                "typography_font_size_mobile": {
                                    "unit": "em",
                                    "size": 1.5
                                },
                                "typography_font_weight": "800",
                                "typography_font_size_tablet": {
                                    "unit": "em",
                                    "size": 1.8
                                },
                                "typography_text_transform": "capitalize",
                                "align_mobile": "center"
                            },
                            "elements": [],
                            "isInner": false,
                            "widgetType": "heading",
                            "elType": "widget"
                        },
                        {
                            "id": "7389746f",
                            "settings": {
                                "editor": "<p>Lorem ipsum dolor sit amet, consectetuer adipiscing elit. Aenean commodo ligula eget dolor. Aenean massa. Cum sociis natoque penatibus et magnis dis parturient montes, nascetur ridiculus mus.<\/p>",
                                "align": "left",
                                "typography_typography": "custom",
                                "typography_font_family": "Muli",
                                "typography_line_height": {
                                    "unit": "em",
                                    "size": 1.5
                                },
                                "text_color": "#ffffff",
                                "align_mobile": "center"
                            },
                            "elements": [],
                            "isInner": false,
                            "widgetType": "text-editor",
                            "elType": "widget"
                        }
                    ],
                    "isInner": false,
                    "elType": "column"
                },
                {
                    "id": "3aca8e7a",
                    "settings": {
                        "_column_size": 50,
                        "_inline_size_tablet": 50,
                        "_inline_size": 34
                    },
                    "elements": [
                        {
                            "id": "16e19912",
                            "settings": {
                                "text": "Shop Sale",
                                "align": "right",
                                "button_text_color": "#ffffff",
                                "background_color": "#f7c933",
                                "hover_animation": "float",
                                "text_padding": {
                                    "unit": "px",
                                    "top": "15",
                                    "right": "40",
                                    "bottom": "15",
                                    "left": "40",
                                    "isLinked": false
                                },
                                "_margin": {
                                    "unit": "px",
                                    "top": "25",
                                    "right": "0",
                                    "bottom": "0",
                                    "left": "0",
                                    "isLinked": false
                                },
                                "icon_indent": {
                                    "unit": "px",
                                    "size": 15
                                },
                                "hover_color": "#ffffff",
                                "typography_typography": "custom",
                                "typography_font_family": "Muli",
                                "typography_font_weight": "bold",
                                "typography_text_transform": "uppercase",
                                "typography_letter_spacing": {
                                    "unit": "px",
                                    "size": 2
                                },
                                "align_mobile": "center"
                            },
                            "elements": [],
                            "isInner": false,
                            "widgetType": "button",
                            "elType": "widget"
                        }
                    ],
                    "isInner": false,
                    "elType": "column"
                }
            ],
            "isInner": false,
            "elType": "section"
        }
    ]
}