{
    "version": "0.4",
    "title": "Popup",
    "type": "section",
    "metadata": {
        "template_type": "section",
        "elementor_pro_required": true,
        "wp_page_template": "default"
    },
    "content": [
        {
            "id": "62d90a9a",
            "settings": {
                "background_background": "classic",
                "background_position": "top center",
                "background_xpos": {
                    "unit": "px",
                    "size": -18
                },
                "background_ypos": {
                    "unit": "px",
                    "size": -2
                },
                "background_size": "cover",
                "border_radius": {
                    "unit": "px",
                    "top": "11",
                    "right": "11",
                    "bottom": "11",
                    "left": "11",
                    "isLinked": true
                },
                "shape_divider_top_color": "#f7f4ea",
                "shape_divider_top_width": {
                    "unit": "%",
                    "size": 154
                },
                "shape_divider_top_height": {
                    "unit": "px",
                    "size": 85
                },
                "shape_divider_top_flip": "yes",
                "shape_divider_bottom_height": {
                    "unit": "px",
                    "size": 17
                },
                "shape_divider_bottom_flip": "yes",
                "shape_divider_bottom_above_content": "yes",
                "padding": {
                    "unit": "%",
                    "top": "0",
                    "right": "0",
                    "bottom": "0",
                    "left": "0",
                    "isLinked": false
                }
            },
            "elements": [
                {
                    "id": "18fbbb86",
                    "settings": {
                        "_column_size": 100,
                        "padding": {
                            "unit": "em",
                            "top": "2",
                            "right": "2",
                            "bottom": "2",
                            "left": "2",
                            "isLinked": true
                        }
                    },
                    "elements": [
                        {
                            "id": "153e890a",
                            "settings": {
                                "space": {
                                    "unit": "px",
                                    "size": 248
                                }
                            },
                            "elements": [],
                            "isInner": false,
                            "widgetType": "spacer",
                            "elType": "widget"
                        },
                        {
                            "id": "42950355",
                            "settings": {
                                "color": "#ffe3af",
                                "width": {
                                    "unit": "%",
                                    "size": 12
                                },
                                "align": "center",
                                "gap": {
                                    "unit": "px",
                                    "size": 0
                                },
                                "_margin": {
                                    "unit": "px",
                                    "top": "-12",
                                    "right": "0",
                                    "bottom": "0",
                                    "left": "0",
                                    "isLinked": false
                                }
                            },
                            "elements": [],
                            "isInner": false,
                            "widgetType": "divider",
                            "elType": "widget"
                        },
                        {
                            "id": "75f6eb88",
                            "settings": {
                                "title": "Promotion",
                                "align": "center",
                                "title_color": "#ffe3af",
                                "typography_typography": "custom",
                                "typography_font_size": {
                                    "unit": "em",
                                    "size": 1.1000000000000001
                                },
                                "typography_font_family": "Muli",
                                "typography_font_size_tablet": {
                                    "unit": "em",
                                    "size": 1
                                },
                                "header_size": "h3",
                                "typography_font_size_mobile": {
                                    "unit": "em",
                                    "size": 1
                                },
                                "typography_font_weight": "800",
                                "_margin": {
                                    "unit": "px",
                                    "top": "0",
                                    "right": "0",
                                    "bottom": "-10",
                                    "left": "0",
                                    "isLinked": false
                                },
                                "typography_text_transform": "uppercase"
                            },
                            "elements": [],
                            "isInner": false,
                            "widgetType": "heading",
                            "elType": "widget"
                        },
                        {
                            "id": "1112d441",
                            "settings": {
                                "color": "#ffe3af",
                                "width": {
                                    "unit": "%",
                                    "size": 22
                                },
                                "align": "center",
                                "gap": {
                                    "unit": "px",
                                    "size": 0
                                },
                                "_margin": {
                                    "unit": "px",
                                    "top": "-12",
                                    "right": "0",
                                    "bottom": "0",
                                    "left": "0",
                                    "isLinked": false
                                }
                            },
                            "elements": [],
                            "isInner": false,
                            "widgetType": "divider",
                            "elType": "widget"
                        },
                        {
                            "id": "51383071",
                            "settings": {
                                "title": "It's our birthday!",
                                "align": "center",
                                "title_color": "#000000",
                                "typography_typography": "custom",
                                "typography_font_size": {
                                    "unit": "em",
                                    "size": 2
                                },
                                "typography_font_family": "Muli",
                                "typography_font_size_tablet": {
                                    "unit": "em",
                                    "size": 1.8
                                },
                                "typography_font_size_mobile": {
                                    "unit": "em",
                                    "size": 1.5
                                },
                                "typography_font_weight": "800",
                                "typography_text_transform": "capitalize",
                                "_padding": {
                                    "unit": "em",
                                    "top": "0",
                                    "right": "0",
                                    "bottom": "0",
                                    "left": "0",
                                    "isLinked": false
                                }
                            },
                            "elements": [],
                            "isInner": false,
                            "widgetType": "heading",
                            "elType": "widget"
                        },
                        {
                            "id": "16201d1f",
                            "settings": {
                                "title": "20% Off",
                                "align": "center",
                                "title_color": "#ffe3af",
                                "typography_typography": "custom",
                                "typography_font_size": {
                                    "unit": "em",
                                    "size": 4.4000000000000004
                                },
                                "typography_font_family": "Muli",
                                "typography_font_size_tablet": {
                                    "unit": "em",
                                    "size": 1.3
                                },
                                "typography_font_size_mobile": {
                                    "unit": "em",
                                    "size": 1.5
                                },
                                "typography_font_weight": "800",
                                "header_size": "h3"
                            },
                            "elements": [],
                            "isInner": false,
                            "widgetType": "heading",
                            "elType": "widget"
                        },
                        {
                            "id": "38b27d5d",
                            "settings": {
                                "editor": "<p>Lorem ipsum dolor sit amet, consectetuer adipiscing elit. Aenean commodo.\u00a0<\/p>",
                                "typography_typography": "custom",
                                "typography_font_family": "Muli",
                                "typography_line_height": {
                                    "unit": "em",
                                    "size": 1.5
                                },
                                "align": "center",
                                "text_color": "#0f1616",
                                "typography_font_size": {
                                    "unit": "px",
                                    "size": 14
                                }
                            },
                            "elements": [],
                            "isInner": false,
                            "widgetType": "text-editor",
                            "elType": "widget"
                        },
                        {
                            "id": "2a31bd88",
                            "settings": {
                                "form_name": "New Form",
                                "form_fields": [
                                    {
                                        "_id": "name",
                                        "field_type": "text",
                                        "field_label": "",
                                        "placeholder": "Your Name",
                                        "width": "50",
                                        "field_value": "",
                                        "required": "",
                                        "min_date": "",
                                        "max_date": "",
                                        "field_options": "",
                                        "allow_multiple": "",
                                        "select_size": "",
                                        "inline_list": "",
                                        "field_html": "",
                                        "width_tablet": "",
                                        "width_mobile": "",
                                        "rows": 4,
                                        "recaptcha_size": "normal",
                                        "recaptcha_style": "light",
                                        "css_classes": "",
                                        "custom_id": "name"
                                    },
                                    {
                                        "_id": "email",
                                        "field_type": "email",
                                        "required": "true",
                                        "field_label": "",
                                        "placeholder": "Email",
                                        "width": "50",
                                        "field_value": "",
                                        "min_date": "",
                                        "max_date": "",
                                        "field_options": "",
                                        "allow_multiple": "",
                                        "select_size": "",
                                        "inline_list": "",
                                        "field_html": "",
                                        "width_tablet": "",
                                        "width_mobile": "",
                                        "rows": 4,
                                        "recaptcha_size": "normal",
                                        "recaptcha_style": "light",
                                        "css_classes": "",
                                        "custom_id": "email"
                                    }
                                ],
                                "mark_required": "yes",
                                "button_text": "Get Code",
                                "email_content": "[all-fields]",
                                "email_content_2": "[all-fields]",
                                "success_message": "The form was sent successfully.",
                                "error_message": "An error occured.",
                                "required_field_message": "This field is required.",
                                "invalid_message": "There's something wrong. The form is invalid.",
                                "column_gap": {
                                    "unit": "px",
                                    "size": 20
                                },
                                "row_gap": {
                                    "unit": "px",
                                    "size": 25
                                },
                                "label_spacing": {
                                    "unit": "px",
                                    "size": 16
                                },
                                "label_color": "#0f1616",
                                "mark_required_color": "#8fd6d1",
                                "label_typography_typography": "custom",
                                "label_typography_font_family": "Muli",
                                "label_typography_font_size": {
                                    "unit": "rem",
                                    "size": 1
                                },
                                "label_typography_line_height": {
                                    "unit": "em",
                                    "size": 1.6000000000000001
                                },
                                "field_text_color": "#0f1616",
                                "field_typography_typography": "custom",
                                "field_typography_font_family": "Muli",
                                "field_typography_font_size": {
                                    "unit": "rem",
                                    "size": ""
                                },
                                "field_typography_line_height": {
                                    "unit": "em",
                                    "size": 1.6000000000000001
                                },
                                "field_border_color": "#f7f4ea",
                                "field_border_radius": {
                                    "unit": "px",
                                    "top": "0",
                                    "right": "0",
                                    "bottom": "0",
                                    "left": "0",
                                    "isLinked": true
                                },
                                "button_background_color": "#0f1616",
                                "button_text_color": "#ffffff",
                                "button_typography_typography": "custom",
                                "button_typography_font_family": "Muli",
                                "button_typography_font_size": {
                                    "unit": "rem",
                                    "size": 0.80000000000000004
                                },
                                "button_typography_text_transform": "uppercase",
                                "button_typography_letter_spacing": {
                                    "unit": "px",
                                    "size": 2.3999999999999999
                                },
                                "button_background_hover_color": "#8fd6d1",
                                "button_hover_color": "#ffffff",
                                "button_hover_animation": "float",
                                "message_typography_typography": "custom",
                                "message_typography_font_family": "Muli",
                                "message_typography_font_size": {
                                    "unit": "rem",
                                    "size": 1
                                },
                                "message_typography_line_height": {
                                    "unit": "em",
                                    "size": 1.6000000000000001
                                },
                                "_padding": {
                                    "unit": "em",
                                    "top": "0",
                                    "right": "0",
                                    "bottom": "0",
                                    "left": "0",
                                    "isLinked": true
                                },
                                "_border_border": "solid",
                                "_border_width": {
                                    "unit": "px",
                                    "top": "1",
                                    "right": "0",
                                    "bottom": "0",
                                    "left": "0",
                                    "isLinked": false
                                },
                                "_border_color": "#ffffff"
                            },
                            "elements": [],
                            "isInner": false,
                            "widgetType": "form",
                            "elType": "widget"
                        }
                    ],
                    "isInner": false,
                    "elType": "column"
                }
            ],
            "isInner": false,
            "elType": "section"
        }
    ],
    "page_settings": {
        "width": {
            "unit": "px",
            "size": 340,
            "sizes": []
        },
        "entrance_animation": "bounceIn",
        "background_background": "classic",
        "background_image": {
            "url": "https:\/\/wp.envatoextensions.com\/kit-57\/wp-content\/uploads\/sites\/60\/2018\/08\/p08.jpg",
            "id": 4154
        },
        "background_position": "top center",
        "background_repeat": "no-repeat",
        "background_size": "contain",
        "border_radius": {
            "unit": "px",
            "top": 12,
            "bottom": 12,
            "left": 12,
            "right": 12,
            "isLinked": true
        },
        "overlay_background_color": "rgba(246,247,248,0.81)",
        "prevent_scroll": "yes",
        "avoid_multiple_popups": "yes",
        "padding": {
            "unit": "px",
            "top": "0",
            "right": "0",
            "bottom": "5",
            "left": "0",
            "isLinked": false
        },
        "width_tablet": {
            "unit": "px",
            "size": "",
            "sizes": []
        },
        "width_mobile": {
            "unit": "px",
            "size": "",
            "sizes": []
        },
        "height_type": "auto",
        "height": {
            "unit": "px",
            "size": 380,
            "sizes": []
        },
        "height_tablet": {
            "unit": "px",
            "size": "",
            "sizes": []
        },
        "height_mobile": {
            "unit": "px",
            "size": "",
            "sizes": []
        },
        "content_position": "top",
        "horizontal_position": "center",
        "horizontal_position_tablet": "",
        "horizontal_position_mobile": "",
        "vertical_position": "center",
        "vertical_position_tablet": "",
        "vertical_position_mobile": "",
        "overlay": "yes",
        "close_button": "yes",
        "entrance_animation_tablet": "",
        "entrance_animation_mobile": "",
        "entrance_animation_duration": {
            "unit": "px",
            "size": 1.2,
            "sizes": []
        },
        "post_title": "Popup",
        "post_status": "publish",
        "background_color": "",
        "background_color_stop": {
            "unit": "%",
            "size": 0,
            "sizes": []
        },
        "background_color_b": "#f2295b",
        "background_color_b_stop": {
            "unit": "%",
            "size": 100,
            "sizes": []
        },
        "background_gradient_type": "linear",
        "background_gradient_angle": {
            "unit": "deg",
            "size": 180,
            "sizes": []
        },
        "background_gradient_position": "center center",
        "background_image_tablet": {
            "url": "",
            "id": ""
        },
        "background_image_mobile": {
            "url": "",
            "id": ""
        },
        "background_position_tablet": "",
        "background_position_mobile": "",
        "background_xpos": {
            "unit": "px",
            "size": 0,
            "sizes": []
        },
        "background_xpos_tablet": {
            "unit": "px",
            "size": 0,
            "sizes": []
        },
        "background_xpos_mobile": {
            "unit": "px",
            "size": 0,
            "sizes": []
        },
        "background_ypos": {
            "unit": "px",
            "size": 0,
            "sizes": []
        },
        "background_ypos_tablet": {
            "unit": "px",
            "size": 0,
            "sizes": []
        },
        "background_ypos_mobile": {
            "unit": "px",
            "size": 0,
            "sizes": []
        },
        "background_attachment": "",
        "background_repeat_tablet": "",
        "background_repeat_mobile": "",
        "background_size_tablet": "",
        "background_size_mobile": "",
        "background_bg_width": {
            "unit": "%",
            "size": 100,
            "sizes": []
        },
        "background_bg_width_tablet": {
            "unit": "px",
            "size": "",
            "sizes": []
        },
        "background_bg_width_mobile": {
            "unit": "px",
            "size": "",
            "sizes": []
        },
        "background_video_link": "",
        "background_video_start": "",
        "background_video_end": "",
        "background_video_fallback": {
            "url": "",
            "id": ""
        },
        "border_border": "",
        "border_width": {
            "unit": "px",
            "top": "",
            "right": "",
            "bottom": "",
            "left": "",
            "isLinked": true
        },
        "border_width_tablet": {
            "unit": "px",
            "top": "",
            "right": "",
            "bottom": "",
            "left": "",
            "isLinked": true
        },
        "border_width_mobile": {
            "unit": "px",
            "top": "",
            "right": "",
            "bottom": "",
            "left": "",
            "isLinked": true
        },
        "border_color": "",
        "border_radius_tablet": {
            "unit": "px",
            "top": "",
            "right": "",
            "bottom": "",
            "left": "",
            "isLinked": true
        },
        "border_radius_mobile": {
            "unit": "px",
            "top": "",
            "right": "",
            "bottom": "",
            "left": "",
            "isLinked": true
        },
        "box_shadow_box_shadow_type": "yes",
        "box_shadow_box_shadow": {
            "horizontal": 2,
            "vertical": 8,
            "blur": 23,
            "spread": 3,
            "color": "rgba(0,0,0,0.2)"
        },
        "box_shadow_box_shadow_position": " ",
        "overlay_background_background": "classic",
        "overlay_background_color_stop": {
            "unit": "%",
            "size": 0,
            "sizes": []
        },
        "overlay_background_color_b": "#f2295b",
        "overlay_background_color_b_stop": {
            "unit": "%",
            "size": 100,
            "sizes": []
        },
        "overlay_background_gradient_type": "linear",
        "overlay_background_gradient_angle": {
            "unit": "deg",
            "size": 180,
            "sizes": []
        },
        "overlay_background_gradient_position": "center center",
        "overlay_background_image": {
            "url": "",
            "id": ""
        },
        "overlay_background_image_tablet": {
            "url": "",
            "id": ""
        },
        "overlay_background_image_mobile": {
            "url": "",
            "id": ""
        },
        "overlay_background_position": "",
        "overlay_background_position_tablet": "",
        "overlay_background_position_mobile": "",
        "overlay_background_xpos": {
            "unit": "px",
            "size": 0,
            "sizes": []
        },
        "overlay_background_xpos_tablet": {
            "unit": "px",
            "size": 0,
            "sizes": []
        },
        "overlay_background_xpos_mobile": {
            "unit": "px",
            "size": 0,
            "sizes": []
        },
        "overlay_background_ypos": {
            "unit": "px",
            "size": 0,
            "sizes": []
        },
        "overlay_background_ypos_tablet": {
            "unit": "px",
            "size": 0,
            "sizes": []
        },
        "overlay_background_ypos_mobile": {
            "unit": "px",
            "size": 0,
            "sizes": []
        },
        "overlay_background_attachment": "",
        "overlay_background_repeat": "",
        "overlay_background_repeat_tablet": "",
        "overlay_background_repeat_mobile": "",
        "overlay_background_size": "",
        "overlay_background_size_tablet": "",
        "overlay_background_size_mobile": "",
        "overlay_background_bg_width": {
            "unit": "%",
            "size": 100,
            "sizes": []
        },
        "overlay_background_bg_width_tablet": {
            "unit": "px",
            "size": "",
            "sizes": []
        },
        "overlay_background_bg_width_mobile": {
            "unit": "px",
            "size": "",
            "sizes": []
        },
        "overlay_background_video_link": "",
        "overlay_background_video_start": "",
        "overlay_background_video_end": "",
        "overlay_background_video_fallback": {
            "url": "",
            "id": ""
        },
        "close_button_position": "",
        "close_button_vertical": {
            "unit": "%",
            "size": "",
            "sizes": []
        },
        "close_button_vertical_tablet": {
            "unit": "%",
            "size": "",
            "sizes": []
        },
        "close_button_vertical_mobile": {
            "unit": "%",
            "size": "",
            "sizes": []
        },
        "close_button_horizontal": {
            "unit": "%",
            "size": "",
            "sizes": []
        },
        "close_button_horizontal_tablet": {
            "unit": "%",
            "size": "",
            "sizes": []
        },
        "close_button_horizontal_mobile": {
            "unit": "%",
            "size": "",
            "sizes": []
        },
        "close_button_color": "",
        "close_button_background_color": "",
        "close_button_hover_color": "",
        "close_button_hover_background_color": "",
        "icon_size": {
            "unit": "px",
            "size": "",
            "sizes": []
        },
        "icon_size_tablet": {
            "unit": "px",
            "size": "",
            "sizes": []
        },
        "icon_size_mobile": {
            "unit": "px",
            "size": "",
            "sizes": []
        },
        "close_button_delay": "",
        "close_automatically": "",
        "prevent_close_on_background_click": "",
        "prevent_close_on_esc_key": "",
        "open_selector": "",
        "margin": {
            "unit": "px",
            "top": "",
            "right": "",
            "bottom": "",
            "left": "",
            "isLinked": true
        },
        "margin_tablet": {
            "unit": "px",
            "top": "",
            "right": "",
            "bottom": "",
            "left": "",
            "isLinked": true
        },
        "margin_mobile": {
            "unit": "px",
            "top": "",
            "right": "",
            "bottom": "",
            "left": "",
            "isLinked": true
        },
        "padding_tablet": {
            "unit": "px",
            "top": "",
            "right": "",
            "bottom": "",
            "left": "",
            "isLinked": true
        },
        "padding_mobile": {
            "unit": "px",
            "top": "",
            "right": "",
            "bottom": "",
            "left": "",
            "isLinked": true
        },
        "classes": "",
        "custom_css": ""
    }
}